ticker,cik,registrant,form,accession_number,period_end,filing_date,fiscal_year_v1_rule,primary_document,primary_doc_url,filing_year,fy_differs_from_filing_year
AAPL,320193,Apple Inc.,10-K,0000320193-25-000079,2025-09-27,2025-10-31,2025,aapl-20250927.htm,https://www.sec.gov/Archives/edgar/data/320193/000032019325000079/aapl-20250927.htm,2025,False
AAPL,320193,Apple Inc.,10-K,0000320193-24-000123,2024-09-28,2024-11-01,2024,aapl-20240928.htm,https://www.sec.gov/Archives/edgar/data/320193/000032019324000123/aapl-20240928.htm,2024,False
AAPL,320193,Apple Inc.,10-K,0000320193-23-000106,2023-09-30,2023-11-03,2023,aapl-20230930.htm,https://www.sec.gov/Archives/edgar/data/320193/000032019323000106/aapl-20230930.htm,2023,False
AAPL,320193,Apple Inc.,10-K,0000320193-22-000108,2022-09-24,2022-10-28,2022,aapl-20220924.htm,https://www.sec.gov/Archives/edgar/data/320193/000032019322000108/aapl-20220924.htm,2022,False
AAPL,320193,Apple Inc.,10-K,0000320193-21-000105,2021-09-25,2021-10-29,2021,aapl-20210925.htm,https://www.sec.gov/Archives/edgar/data/320193/000032019321000105/aapl-20210925.htm,2021,False
AAPL,320193,Apple Inc.,10-K,0000320193-20-000096,2020-09-26,2020-10-30,2020,aapl-20200926.htm,https://www.sec.gov/Archives/edgar/data/320193/000032019320000096/aapl-20200926.htm,2020,False
AAPL,320193,Apple Inc.,10-K,0000320193-19-000119,2019-09-28,2019-10-31,2019,a10-k20199282019.htm,https://www.sec.gov/Archives/edgar/data/320193/000032019319000119/a10-k20199282019.htm,2019,False
AAPL,320193,Apple Inc.,10-K,0000320193-18-000145,2018-09-29,2018-11-05,2018,a10-k20189292018.htm,https://www.sec.gov/Archives/edgar/data/320193/000032019318000145/a10-k20189292018.htm,2018,False
AAPL,320193,Apple Inc.,10-K,0000320193-17-000070,2017-09-30,2017-11-03,2017,a10-k20179302017.htm,https://www.sec.gov/Archives/edgar/data/320193/000032019317000070/a10-k20179302017.htm,2017,False
AAPL,320193,Apple Inc.,10-K,0001628280-16-020309,2016-09-24,2016-10-26,2016,a201610-k9242016.htm,https://www.sec.gov/Archives/edgar/data/320193/000162828016020309/a201610-k9242016.htm,2016,False
AAPL,320193,Apple Inc.,10-K,0001193125-15-356351,2015-09-26,2015-10-28,2015,d17062d10k.htm,https://www.sec.gov/Archives/edgar/data/320193/000119312515356351/d17062d10k.htm,2015,False
AAPL,320193,Apple Inc.,10-K,0001193125-14-383437,2014-09-27,2014-10-27,2014,d783162d10k.htm,https://www.sec.gov/Archives/edgar/data/320193/000119312514383437/d783162d10k.htm,2014,False
AAPL,320193,Apple Inc.,10-K,0001193125-13-416534,2013-09-28,2013-10-30,2013,d590790d10k.htm,https://www.sec.gov/Archives/edgar/data/320193/000119312513416534/d590790d10k.htm,2013,False
AAPL,320193,Apple Inc.,10-K,0001193125-12-444068,2012-09-29,2012-10-31,2012,d411355d10k.htm,https://www.sec.gov/Archives/edgar/data/320193/000119312512444068/d411355d10k.htm,2012,False
AAPL,320193,Apple Inc.,10-K,0001193125-11-282113,2011-09-24,2011-10-26,2011,d220209d10k.htm,https://www.sec.gov/Archives/edgar/data/320193/000119312511282113/d220209d10k.htm,2011,False
AAPL,320193,Apple Inc.,10-K,0001193125-10-238044,2010-09-25,2010-10-27,2010,d10k.htm,https://www.sec.gov/Archives/edgar/data/320193/000119312510238044/d10k.htm,2010,False
AAPL,320193,Apple Inc.,10-K,0001193125-09-214859,2009-09-26,2009-10-27,2009,d10k.htm,https://www.sec.gov/Archives/edgar/data/320193/000119312509214859/d10k.htm,2009,False
AAPL,320193,Apple Inc.,10-K,0001193125-08-224958,2008-09-27,2008-11-05,2008,d10k.htm,https://www.sec.gov/Archives/edgar/data/320193/000119312508224958/d10k.htm,2008,False
AAPL,320193,Apple Inc.,10-K,0001047469-07-009340,2007-09-29,2007-11-15,2007,a2181030z10-k.htm,https://www.sec.gov/Archives/edgar/data/320193/000104746907009340/a2181030z10-k.htm,2007,False
AAPL,320193,Apple Inc.,10-K,0001104659-06-084288,2006-09-30,2006-12-29,2006,a06-25759_210k.htm,https://www.sec.gov/Archives/edgar/data/320193/000110465906084288/a06-25759_210k.htm,2006,False
AAPL,320193,Apple Inc.,10-K,0001104659-05-058421,2005-09-24,2005-12-01,2005,a05-20674_110k.htm,https://www.sec.gov/Archives/edgar/data/320193/000110465905058421/a05-20674_110k.htm,2005,False
AAPL,320193,Apple Inc.,10-K,0001047469-04-035975,2004-09-25,2004-12-03,2004,a2147337z10-k.htm,https://www.sec.gov/Archives/edgar/data/320193/000104746904035975/a2147337z10-k.htm,2004,False
AAPL,320193,Apple Inc.,10-K,0001047469-03-041604,2003-09-27,2003-12-19,2003,a2124888z10-k.htm,https://www.sec.gov/Archives/edgar/data/320193/000104746903041604/a2124888z10-k.htm,2003,False
AAPL,320193,Apple Inc.,10-K,0001047469-02-007674,2002-09-28,2002-12-19,2002,a2096490z10-k.htm,https://www.sec.gov/Archives/edgar/data/320193/000104746902007674/a2096490z10-k.htm,2002,False
AAPL,320193,Apple Inc.,10-K405,0000912057-01-544436,2001-09-29,2001-12-21,2001,a2066171z10-k405.htm,https://www.sec.gov/Archives/edgar/data/320193/000091205701544436/a2066171z10-k405.htm,2001,False
AAPL,320193,Apple Inc.,10-K,0000912057-00-053623,2000-09-30,2000-12-14,2000,a2032880z10-k.txt,https://www.sec.gov/Archives/edgar/data/320193/000091205700053623/a2032880z10-k.txt,2000,False
AAPL,320193,Apple Inc.,10-K,0000912057-99-010244,1999-09-25,1999-12-22,1999,,https://www.sec.gov/Archives/edgar/data/320193/000091205799010244/,1999,False
AAPL,320193,Apple Inc.,10-K405,0001047469-98-044981,1998-09-25,1998-12-23,1998,,https://www.sec.gov/Archives/edgar/data/320193/000104746998044981/,1998,False
AAPL,320193,Apple Inc.,10-K,0001047469-97-006960,1997-09-26,1997-12-05,1997,,https://www.sec.gov/Archives/edgar/data/320193/000104746997006960/,1997,False
AAPL,320193,Apple Inc.,10-K,0000320193-96-000023,1996-09-27,1996-12-19,1996,,https://www.sec.gov/Archives/edgar/data/320193/000032019396000023/,1996,False
AAPL,320193,Apple Inc.,10-K,0000320193-95-000016,1995-09-29,1995-12-19,1995,,https://www.sec.gov/Archives/edgar/data/320193/000032019395000016/,1995,False
AAPL,320193,Apple Inc.,10-K,0000320193-94-000016,1994-09-30,1994-12-13,1994,,https://www.sec.gov/Archives/edgar/data/320193/000032019394000016/,1994,False
MSFT,789019,MICROSOFT CORP,10-K,0001193125-26-323660,2026-06-30,2026-07-29,2026,msft-20260630.htm,https://www.sec.gov/Archives/edgar/data/789019/000119312526323660/msft-20260630.htm,2026,False
MSFT,789019,MICROSOFT CORP,10-K,0000950170-25-100235,2025-06-30,2025-07-30,2025,msft-20250630.htm,https://www.sec.gov/Archives/edgar/data/789019/000095017025100235/msft-20250630.htm,2025,False
MSFT,789019,MICROSOFT CORP,10-K,0000950170-24-087843,2024-06-30,2024-07-30,2024,msft-20240630.htm,https://www.sec.gov/Archives/edgar/data/789019/000095017024087843/msft-20240630.htm,2024,False
MSFT,789019,MICROSOFT CORP,10-K,0000950170-23-035122,2023-06-30,2023-07-27,2023,msft-20230630.htm,https://www.sec.gov/Archives/edgar/data/789019/000095017023035122/msft-20230630.htm,2023,False
MSFT,789019,MICROSOFT CORP,10-K,0001564590-22-026876,2022-06-30,2022-07-28,2022,msft-10k_20220630.htm,https://www.sec.gov/Archives/edgar/data/789019/000156459022026876/msft-10k_20220630.htm,2022,False
MSFT,789019,MICROSOFT CORP,10-K,0001564590-21-039151,2021-06-30,2021-07-29,2021,msft-10k_20210630.htm,https://www.sec.gov/Archives/edgar/data/789019/000156459021039151/msft-10k_20210630.htm,2021,False
MSFT,789019,MICROSOFT CORP,10-K,0001564590-20-034944,2020-06-30,2020-07-30,2020,msft-10k_20200630.htm,https://www.sec.gov/Archives/edgar/data/789019/000156459020034944/msft-10k_20200630.htm,2020,False
MSFT,789019,MICROSOFT CORP,10-K,0001564590-19-027952,2019-06-30,2019-08-01,2019,msft-10k_20190630.htm,https://www.sec.gov/Archives/edgar/data/789019/000156459019027952/msft-10k_20190630.htm,2019,False
MSFT,789019,MICROSOFT CORP,10-K,0001564590-18-019062,2018-06-30,2018-08-03,2018,msft-10k_20180630.htm,https://www.sec.gov/Archives/edgar/data/789019/000156459018019062/msft-10k_20180630.htm,2018,False
MSFT,789019,MICROSOFT CORP,10-K,0001564590-17-014900,2017-06-30,2017-08-02,2017,msft-10k_20170630.htm,https://www.sec.gov/Archives/edgar/data/789019/000156459017014900/msft-10k_20170630.htm,2017,False
MSFT,789019,MICROSOFT CORP,10-K,0001193125-16-662209,2016-06-30,2016-07-28,2016,d187868d10k.htm,https://www.sec.gov/Archives/edgar/data/789019/000119312516662209/d187868d10k.htm,2016,False
MSFT,789019,MICROSOFT CORP,10-K,0001193125-15-272806,2015-06-30,2015-07-31,2015,d918813d10k.htm,https://www.sec.gov/Archives/edgar/data/789019/000119312515272806/d918813d10k.htm,2015,False
MSFT,789019,MICROSOFT CORP,10-K,0001193125-14-289961,2014-06-30,2014-07-31,2014,d722626d10k.htm,https://www.sec.gov/Archives/edgar/data/789019/000119312514289961/d722626d10k.htm,2014,False
MSFT,789019,MICROSOFT CORP,10-K,0001193125-13-310206,2013-06-30,2013-07-30,2013,d527745d10k.htm,https://www.sec.gov/Archives/edgar/data/789019/000119312513310206/d527745d10k.htm,2013,False
MSFT,789019,MICROSOFT CORP,10-K,0001193125-12-316848,2012-06-30,2012-07-26,2012,d347676d10k.htm,https://www.sec.gov/Archives/edgar/data/789019/000119312512316848/d347676d10k.htm,2012,False
MSFT,789019,MICROSOFT CORP,10-K,0001193125-11-200680,2011-06-30,2011-07-28,2011,d10k.htm,https://www.sec.gov/Archives/edgar/data/789019/000119312511200680/d10k.htm,2011,False
MSFT,789019,MICROSOFT CORP,10-K,0001193125-10-171791,2010-06-30,2010-07-30,2010,d10k.htm,https://www.sec.gov/Archives/edgar/data/789019/000119312510171791/d10k.htm,2010,False
MSFT,789019,MICROSOFT CORP,10-K,0001193125-09-158735,2009-06-30,2009-07-30,2009,d10k.htm,https://www.sec.gov/Archives/edgar/data/789019/000119312509158735/d10k.htm,2009,False
MSFT,789019,MICROSOFT CORP,10-K,0001193125-08-162768,2008-06-30,2008-07-31,2008,d10k.htm,https://www.sec.gov/Archives/edgar/data/789019/000119312508162768/d10k.htm,2008,False
MSFT,789019,MICROSOFT CORP,10-K,0001193125-07-170817,2007-06-30,2007-08-03,2007,d10k.htm,https://www.sec.gov/Archives/edgar/data/789019/000119312507170817/d10k.htm,2007,False
MSFT,789019,MICROSOFT CORP,10-K,0001193125-06-180008,2006-06-30,2006-08-25,2006,d10k.htm,https://www.sec.gov/Archives/edgar/data/789019/000119312506180008/d10k.htm,2006,False
MSFT,789019,MICROSOFT CORP,10-K,0001193125-05-174825,2005-06-30,2005-08-26,2005,d10k.htm,https://www.sec.gov/Archives/edgar/data/789019/000119312505174825/d10k.htm,2005,False
MSFT,789019,MICROSOFT CORP,10-K,0001193125-04-150689,2004-06-30,2004-09-01,2004,d10k.htm,https://www.sec.gov/Archives/edgar/data/789019/000119312504150689/d10k.htm,2004,False
MSFT,789019,MICROSOFT CORP,10-K,0001193125-03-045632,2003-06-30,2003-09-05,2003,d10k.htm,https://www.sec.gov/Archives/edgar/data/789019/000119312503045632/d10k.htm,2003,False
MSFT,789019,MICROSOFT CORP,10-K,0001032210-02-001351,2002-06-30,2002-09-06,2002,d10k.htm,https://www.sec.gov/Archives/edgar/data/789019/000103221002001351/d10k.htm,2002,False
MSFT,789019,MICROSOFT CORP,10-K,0001032210-01-501099,2001-06-30,2001-09-18,2001,d10k.txt,https://www.sec.gov/Archives/edgar/data/789019/000103221001501099/d10k.txt,2001,False
MSFT,789019,MICROSOFT CORP,10-K,0001032210-00-001961,2000-06-30,2000-09-28,2000,0001.txt,https://www.sec.gov/Archives/edgar/data/789019/000103221000001961/0001.txt,2000,False
MSFT,789019,MICROSOFT CORP,10-K,0001032210-99-001375,1999-06-30,1999-09-28,1999,,https://www.sec.gov/Archives/edgar/data/789019/000103221099001375/,1999,False
MSFT,789019,MICROSOFT CORP,10-K,0001032210-98-001067,1998-06-30,1998-09-25,1998,,https://www.sec.gov/Archives/edgar/data/789019/000103221098001067/,1998,False
MSFT,789019,MICROSOFT CORP,10-K,0001017062-97-001764,1997-06-30,1997-09-29,1997,,https://www.sec.gov/Archives/edgar/data/789019/000101706297001764/,1997,False
MSFT,789019,MICROSOFT CORP,10-K,0000891020-96-001130,1996-06-30,1996-09-27,1996,,https://www.sec.gov/Archives/edgar/data/789019/000089102096001130/,1996,False
MSFT,789019,MICROSOFT CORP,10-K,0000891020-95-000433,1995-06-30,1995-09-25,1995,,https://www.sec.gov/Archives/edgar/data/789019/000089102095000433/,1995,False
MSFT,789019,MICROSOFT CORP,10-K,0000891020-94-000175,1994-06-30,1994-09-27,1994,,https://www.sec.gov/Archives/edgar/data/789019/000089102094000175/,1994,False
GOOGL,1652044,Alphabet Inc.,10-K,0001652044-26-000018,2025-12-31,2026-02-05,2025,goog-20251231.htm,https://www.sec.gov/Archives/edgar/data/1652044/000165204426000018/goog-20251231.htm,2026,True
GOOGL,1652044,Alphabet Inc.,10-K,0001652044-25-000014,2024-12-31,2025-02-05,2024,goog-20241231.htm,https://www.sec.gov/Archives/edgar/data/1652044/000165204425000014/goog-20241231.htm,2025,True
GOOGL,1652044,Alphabet Inc.,10-K,0001652044-24-000022,2023-12-31,2024-01-31,2023,goog-20231231.htm,https://www.sec.gov/Archives/edgar/data/1652044/000165204424000022/goog-20231231.htm,2024,True
GOOGL,1652044,Alphabet Inc.,10-K,0001652044-23-000016,2022-12-31,2023-02-03,2022,goog-20221231.htm,https://www.sec.gov/Archives/edgar/data/1652044/000165204423000016/goog-20221231.htm,2023,True
GOOGL,1652044,Alphabet Inc.,10-K,0001652044-22-000019,2021-12-31,2022-02-02,2021,goog-20211231.htm,https://www.sec.gov/Archives/edgar/data/1652044/000165204422000019/goog-20211231.htm,2022,True
GOOGL,1652044,Alphabet Inc.,10-K,0001652044-21-000010,2020-12-31,2021-02-03,2020,goog-20201231.htm,https://www.sec.gov/Archives/edgar/data/1652044/000165204421000010/goog-20201231.htm,2021,True
GOOGL,1652044,Alphabet Inc.,10-K,0001652044-20-000008,2019-12-31,2020-02-04,2019,goog10-k2019.htm,https://www.sec.gov/Archives/edgar/data/1652044/000165204420000008/goog10-k2019.htm,2020,True
GOOGL,1652044,Alphabet Inc.,10-K,0001652044-19-000004,2018-12-31,2019-02-05,2018,goog10-kq42018.htm,https://www.sec.gov/Archives/edgar/data/1652044/000165204419000004/goog10-kq42018.htm,2019,True
GOOGL,1652044,Alphabet Inc.,10-K,0001652044-18-000007,2017-12-31,2018-02-06,2017,goog10-kq42017.htm,https://www.sec.gov/Archives/edgar/data/1652044/000165204418000007/goog10-kq42017.htm,2018,True
GOOGL,1652044,Alphabet Inc.,10-K,0001652044-17-000008,2016-12-31,2017-02-03,2016,goog10-kq42016.htm,https://www.sec.gov/Archives/edgar/data/1652044/000165204417000008/goog10-kq42016.htm,2017,True
GOOGL,1652044,Alphabet Inc.,10-K,0001652044-16-000012,2015-12-31,2016-02-11,2015,goog10-k2015.htm,https://www.sec.gov/Archives/edgar/data/1652044/000165204416000012/goog10-k2015.htm,2016,True
AMZN,1018724,AMAZON COM INC,10-K,0001018724-26-000004,2025-12-31,2026-02-06,2025,amzn-20251231.htm,https://www.sec.gov/Archives/edgar/data/1018724/000101872426000004/amzn-20251231.htm,2026,True
AMZN,1018724,AMAZON COM INC,10-K,0001018724-25-000004,2024-12-31,2025-02-07,2024,amzn-20241231.htm,https://www.sec.gov/Archives/edgar/data/1018724/000101872425000004/amzn-20241231.htm,2025,True
AMZN,1018724,AMAZON COM INC,10-K,0001018724-24-000008,2023-12-31,2024-02-02,2023,amzn-20231231.htm,https://www.sec.gov/Archives/edgar/data/1018724/000101872424000008/amzn-20231231.htm,2024,True
AMZN,1018724,AMAZON COM INC,10-K,0001018724-23-000004,2022-12-31,2023-02-03,2022,amzn-20221231.htm,https://www.sec.gov/Archives/edgar/data/1018724/000101872423000004/amzn-20221231.htm,2023,True
AMZN,1018724,AMAZON COM INC,10-K,0001018724-22-000005,2021-12-31,2022-02-04,2021,amzn-20211231.htm,https://www.sec.gov/Archives/edgar/data/1018724/000101872422000005/amzn-20211231.htm,2022,True
AMZN,1018724,AMAZON COM INC,10-K,0001018724-21-000004,2020-12-31,2021-02-03,2020,amzn-20201231.htm,https://www.sec.gov/Archives/edgar/data/1018724/000101872421000004/amzn-20201231.htm,2021,True
AMZN,1018724,AMAZON COM INC,10-K,0001018724-20-000004,2019-12-31,2020-01-31,2019,amzn-20191231x10k.htm,https://www.sec.gov/Archives/edgar/data/1018724/000101872420000004/amzn-20191231x10k.htm,2020,True
AMZN,1018724,AMAZON COM INC,10-K,0001018724-19-000004,2018-12-31,2019-02-01,2018,amzn-20181231x10k.htm,https://www.sec.gov/Archives/edgar/data/1018724/000101872419000004/amzn-20181231x10k.htm,2019,True
AMZN,1018724,AMAZON COM INC,10-K,0001018724-18-000005,2017-12-31,2018-02-02,2017,amzn-20171231x10k.htm,https://www.sec.gov/Archives/edgar/data/1018724/000101872418000005/amzn-20171231x10k.htm,2018,True
AMZN,1018724,AMAZON COM INC,10-K,0001018724-17-000011,2016-12-31,2017-02-10,2016,amzn-20161231x10k.htm,https://www.sec.gov/Archives/edgar/data/1018724/000101872417000011/amzn-20161231x10k.htm,2017,True
AMZN,1018724,AMAZON COM INC,10-K,0001018724-16-000172,2015-12-31,2016-01-29,2015,amzn-20151231x10k.htm,https://www.sec.gov/Archives/edgar/data/1018724/000101872416000172/amzn-20151231x10k.htm,2016,True
AMZN,1018724,AMAZON COM INC,10-K,0001018724-15-000006,2014-12-31,2015-01-30,2014,amzn-20141231x10k.htm,https://www.sec.gov/Archives/edgar/data/1018724/000101872415000006/amzn-20141231x10k.htm,2015,True
AMZN,1018724,AMAZON COM INC,10-K,0001018724-14-000006,2013-12-31,2014-01-31,2013,amzn-20131231x10k.htm,https://www.sec.gov/Archives/edgar/data/1018724/000101872414000006/amzn-20131231x10k.htm,2014,True
AMZN,1018724,AMAZON COM INC,10-K,0001193125-13-028520,2012-12-31,2013-01-30,2012,d445434d10k.htm,https://www.sec.gov/Archives/edgar/data/1018724/000119312513028520/d445434d10k.htm,2013,True
AMZN,1018724,AMAZON COM INC,10-K,0001193125-12-032846,2011-12-31,2012-02-01,2011,d269317d10k.htm,https://www.sec.gov/Archives/edgar/data/1018724/000119312512032846/d269317d10k.htm,2012,True
AMZN,1018724,AMAZON COM INC,10-K,0001193125-11-016253,2010-12-31,2011-01-28,2010,d10k.htm,https://www.sec.gov/Archives/edgar/data/1018724/000119312511016253/d10k.htm,2011,True
AMZN,1018724,AMAZON COM INC,10-K,0001193125-10-016098,2009-12-31,2010-01-29,2009,d10k.htm,https://www.sec.gov/Archives/edgar/data/1018724/000119312510016098/d10k.htm,2010,True
AMZN,1018724,AMAZON COM INC,10-K,0001193125-09-014406,2008-12-31,2009-01-30,2008,d10k.htm,https://www.sec.gov/Archives/edgar/data/1018724/000119312509014406/d10k.htm,2009,True
AMZN,1018724,AMAZON COM INC,10-K,0001193125-08-024707,2007-12-31,2008-02-11,2007,d10k.htm,https://www.sec.gov/Archives/edgar/data/1018724/000119312508024707/d10k.htm,2008,True
AMZN,1018724,AMAZON COM INC,10-K,0001193125-07-034081,2006-12-31,2007-02-16,2006,d10k.htm,https://www.sec.gov/Archives/edgar/data/1018724/000119312507034081/d10k.htm,2007,True
AMZN,1018724,AMAZON COM INC,10-K,0001193125-06-034166,2005-12-31,2006-02-17,2005,d10k.htm,https://www.sec.gov/Archives/edgar/data/1018724/000119312506034166/d10k.htm,2006,True
AMZN,1018724,AMAZON COM INC,10-K,0001193125-05-047032,2004-12-31,2005-03-11,2004,d10k.htm,https://www.sec.gov/Archives/edgar/data/1018724/000119312505047032/d10k.htm,2005,True
AMZN,1018724,AMAZON COM INC,10-K,0001193125-04-029488,2003-12-31,2004-02-25,2003,d10k.htm,https://www.sec.gov/Archives/edgar/data/1018724/000119312504029488/d10k.htm,2004,True
AMZN,1018724,AMAZON COM INC,10-K,0000950149-03-000355,2002-12-31,2003-02-19,2002,v87419ore10vk.htm,https://www.sec.gov/Archives/edgar/data/1018724/000095014903000355/v87419ore10vk.htm,2003,True
AMZN,1018724,AMAZON COM INC,10-K405,0001032210-02-000059,2001-12-31,2002-01-24,2001,d10k405.htm,https://www.sec.gov/Archives/edgar/data/1018724/000103221002000059/d10k405.htm,2002,True
AMZN,1018724,AMAZON COM INC,10-K405,0001032210-01-500087,2000-12-31,2001-03-23,2000,d10k405.txt,https://www.sec.gov/Archives/edgar/data/1018724/000103221001500087/d10k405.txt,2001,True
AMZN,1018724,AMAZON COM INC,10-K,0000891020-00-000622,1999-12-31,2000-03-29,1999,,https://www.sec.gov/Archives/edgar/data/1018724/000089102000000622/,2000,True
AMZN,1018724,AMAZON COM INC,10-K,0000891020-99-000375,1998-12-31,1999-03-05,1998,,https://www.sec.gov/Archives/edgar/data/1018724/000089102099000375/,1999,True
AMZN,1018724,AMAZON COM INC,10-K405,0000891020-98-000448,1997-12-31,1998-03-30,1997,,https://www.sec.gov/Archives/edgar/data/1018724/000089102098000448/,1998,True
JPM,19617,JPMORGAN CHASE & CO,10-K,0001628280-26-008131,2025-12-31,2026-02-13,2025,jpm-20251231.htm,https://www.sec.gov/Archives/edgar/data/19617/000162828026008131/jpm-20251231.htm,2026,True
JPM,19617,JPMORGAN CHASE & CO,10-K,0000019617-25-000270,2024-12-31,2025-02-14,2024,jpm-20241231.htm,https://www.sec.gov/Archives/edgar/data/19617/000001961725000270/jpm-20241231.htm,2025,True
JPM,19617,JPMORGAN CHASE & CO,10-K,0000019617-24-000225,2023-12-31,2024-02-16,2023,jpm-20231231.htm,https://www.sec.gov/Archives/edgar/data/19617/000001961724000225/jpm-20231231.htm,2024,True
JPM,19617,JPMORGAN CHASE & CO,10-K,0000019617-23-000231,2022-12-31,2023-02-21,2022,jpm-20221231.htm,https://www.sec.gov/Archives/edgar/data/19617/000001961723000231/jpm-20221231.htm,2023,True
JPM,19617,JPMORGAN CHASE & CO,10-K,0000019617-22-000272,2021-12-31,2022-02-22,2021,jpm-20211231.htm,https://www.sec.gov/Archives/edgar/data/19617/000001961722000272/jpm-20211231.htm,2022,True
JPM,19617,JPMORGAN CHASE & CO,10-K,0000019617-21-000236,2020-12-31,2021-02-23,2020,jpm-20201231.htm,https://www.sec.gov/Archives/edgar/data/19617/000001961721000236/jpm-20201231.htm,2021,True
JPM,19617,JPMORGAN CHASE & CO,10-K,0000019617-20-000257,2019-12-31,2020-02-25,2019,corp10k2019.htm,https://www.sec.gov/Archives/edgar/data/19617/000001961720000257/corp10k2019.htm,2020,True
JPM,19617,JPMORGAN CHASE & CO,10-K,0000019617-19-000054,2018-12-31,2019-02-26,2018,corp10k2018.htm,https://www.sec.gov/Archives/edgar/data/19617/000001961719000054/corp10k2018.htm,2019,True
JPM,19617,JPMORGAN CHASE & CO,10-K,0000019617-18-000057,2017-12-31,2018-02-27,2017,corp10k2017.htm,https://www.sec.gov/Archives/edgar/data/19617/000001961718000057/corp10k2017.htm,2018,True
JPM,19617,JPMORGAN CHASE & CO,10-K,0000019617-17-000314,2016-12-31,2017-02-28,2016,corp10k2016.htm,https://www.sec.gov/Archives/edgar/data/19617/000001961717000314/corp10k2016.htm,2017,True
JPM,19617,JPMORGAN CHASE & CO,10-K,0000019617-16-000902,2015-12-31,2016-02-23,2015,corp10k2015.htm,https://www.sec.gov/Archives/edgar/data/19617/000001961716000902/corp10k2015.htm,2016,True
JPM,19617,JPMORGAN CHASE & CO,10-K,0000019617-15-000272,2014-12-31,2015-02-24,2014,corp10k2014.htm,https://www.sec.gov/Archives/edgar/data/19617/000001961715000272/corp10k2014.htm,2015,True
JPM,19617,JPMORGAN CHASE & CO,10-K,0000019617-14-000289,2013-12-31,2014-02-20,2013,corp10k2013.htm,https://www.sec.gov/Archives/edgar/data/19617/000001961714000289/corp10k2013.htm,2014,True
JPM,19617,JPMORGAN CHASE & CO,10-K,0000019617-13-000221,2012-12-31,2013-02-28,2012,corp10k2012.htm,https://www.sec.gov/Archives/edgar/data/19617/000001961713000221/corp10k2012.htm,2013,True
JPM,19617,JPMORGAN CHASE & CO,10-K,0000019617-12-000163,2011-12-31,2012-02-29,2011,corp10k2011.htm,https://www.sec.gov/Archives/edgar/data/19617/000001961712000163/corp10k2011.htm,2012,True
JPM,19617,JPMORGAN CHASE & CO,10-K,0000950123-11-019773,2010-12-31,2011-02-28,2010,y86143e10vk.htm,https://www.sec.gov/Archives/edgar/data/19617/000095012311019773/y86143e10vk.htm,2011,True
JPM,19617,JPMORGAN CHASE & CO,10-K,0000950123-10-016029,2009-12-31,2010-02-24,2009,e82150e10vk.htm,https://www.sec.gov/Archives/edgar/data/19617/000095012310016029/e82150e10vk.htm,2010,True
JPM,19617,JPMORGAN CHASE & CO,10-K,0000950123-09-003840,2008-12-31,2009-03-02,2008,y74757e10vk.htm,https://www.sec.gov/Archives/edgar/data/19617/000095012309003840/y74757e10vk.htm,2009,True
JPM,19617,JPMORGAN CHASE & CO,10-K,0001193125-08-043536,2007-12-31,2008-02-29,2007,d10k.htm,https://www.sec.gov/Archives/edgar/data/19617/000119312508043536/d10k.htm,2008,True
JPM,19617,JPMORGAN CHASE & CO,10-K,0000950123-07-003015,2006-12-31,2007-03-01,2006,y30834e10vk.htm,https://www.sec.gov/Archives/edgar/data/19617/000095012307003015/y30834e10vk.htm,2007,True
JPM,19617,JPMORGAN CHASE & CO,10-K,0000950123-06-002875,2005-12-31,2006-03-09,2005,y17599e10vk.htm,https://www.sec.gov/Archives/edgar/data/19617/000095012306002875/y17599e10vk.htm,2006,True
JPM,19617,JPMORGAN CHASE & CO,10-K,0000950123-05-002539,2004-12-31,2005-03-02,2004,y05475e10vk.htm,https://www.sec.gov/Archives/edgar/data/19617/000095012305002539/y05475e10vk.htm,2005,True
JPM,19617,JPMORGAN CHASE & CO,10-K,0000950123-04-002022,2003-12-31,2004-02-18,2003,y94051e10vk.htm,https://www.sec.gov/Archives/edgar/data/19617/000095012304002022/y94051e10vk.htm,2004,True
JPM,19617,JPMORGAN CHASE & CO,10-K,0000950123-03-002985,2002-12-31,2003-03-19,2002,y83354e10vk.htm,https://www.sec.gov/Archives/edgar/data/19617/000095012303002985/y83354e10vk.htm,2003,True
JPM,19617,JPMORGAN CHASE & CO,10-K405,0000950123-02-002823,2001-12-31,2002-03-22,2001,y57010e10-k405.htm,https://www.sec.gov/Archives/edgar/data/19617/000095012302002823/y57010e10-k405.htm,2002,True
JPM,19617,JPMORGAN CHASE & CO,10-K405,0000950123-01-002499,2000-12-31,2001-03-22,2000,y46253e10-k405.txt,https://www.sec.gov/Archives/edgar/data/19617/000095012301002499/y46253e10-k405.txt,2001,True
JPM,19617,JPMORGAN CHASE & CO,10-K,0000950123-00-002204,1999-12-31,2000-03-13,1999,,https://www.sec.gov/Archives/edgar/data/19617/000095012300002204/,2000,True
JPM,19617,JPMORGAN CHASE & CO,10-K405,0000950123-99-002057,1998-12-31,1999-03-11,1998,,https://www.sec.gov/Archives/edgar/data/19617/000095012399002057/,1999,True
JPM,19617,JPMORGAN CHASE & CO,10-K405,0000950123-98-003043,1997-12-31,1998-03-30,1997,,https://www.sec.gov/Archives/edgar/data/19617/000095012398003043/,1998,True
JPM,19617,JPMORGAN CHASE & CO,10-K,0000950123-97-002412,1996-12-31,1997-03-25,1996,,https://www.sec.gov/Archives/edgar/data/19617/000095012397002412/,1997,True
JPM,19617,JPMORGAN CHASE & CO,10-K405,0000950123-96-001197,1995-12-31,1996-03-20,1995,,https://www.sec.gov/Archives/edgar/data/19617/000095012396001197/,1996,True
JPM,19617,JPMORGAN CHASE & CO,10-K405,0000950123-95-000706,1994-12-31,1995-03-27,1994,,https://www.sec.gov/Archives/edgar/data/19617/000095012395000706/,1995,True
JPM,19617,JPMORGAN CHASE & CO,10-K,0000950123-94-000607,1993-12-31,1994-03-25,1993,,https://www.sec.gov/Archives/edgar/data/19617/000095012394000607/,1994,True
WFC,72971,WELLS FARGO & COMPANY/MN,10-K,0000072971-26-000133,2025-12-31,2026-02-24,2025,wfc-20251231_d2.htm,https://www.sec.gov/Archives/edgar/data/72971/000007297126000133/wfc-20251231_d2.htm,2026,True
WFC,72971,WELLS FARGO & COMPANY/MN,10-K,0000072971-25-000066,2024-12-31,2025-02-25,2024,wfc-20241231.htm,https://www.sec.gov/Archives/edgar/data/72971/000007297125000066/wfc-20241231.htm,2025,True
WFC,72971,WELLS FARGO & COMPANY/MN,10-K,0000072971-24-000064,2023-12-31,2024-02-20,2023,wfc-20231231.htm,https://www.sec.gov/Archives/edgar/data/72971/000007297124000064/wfc-20231231.htm,2024,True
WFC,72971,WELLS FARGO & COMPANY/MN,10-K,0000072971-23-000071,2022-12-31,2023-02-21,2022,wfc-20221231.htm,https://www.sec.gov/Archives/edgar/data/72971/000007297123000071/wfc-20221231.htm,2023,True
WFC,72971,WELLS FARGO & COMPANY/MN,10-K,0000072971-22-000096,2021-12-31,2022-02-22,2021,wfc-20211231.htm,https://www.sec.gov/Archives/edgar/data/72971/000007297122000096/wfc-20211231.htm,2022,True
WFC,72971,WELLS FARGO & COMPANY/MN,10-K,0000072971-21-000197,2020-12-31,2021-02-23,2020,wfc-20201231.htm,https://www.sec.gov/Archives/edgar/data/72971/000007297121000197/wfc-20201231.htm,2021,True
WFC,72971,WELLS FARGO & COMPANY/MN,10-K,0000072971-20-000217,2019-12-31,2020-02-27,2019,wfc-12312019x10k.htm,https://www.sec.gov/Archives/edgar/data/72971/000007297120000217/wfc-12312019x10k.htm,2020,True
WFC,72971,WELLS FARGO & COMPANY/MN,10-K,0000072971-19-000227,2018-12-31,2019-02-27,2018,wfc-12312018x10k.htm,https://www.sec.gov/Archives/edgar/data/72971/000007297119000227/wfc-12312018x10k.htm,2019,True
WFC,72971,WELLS FARGO & COMPANY/MN,10-K,0000072971-18-000272,2017-12-31,2018-03-01,2017,wfc-12312017x10k.htm,https://www.sec.gov/Archives/edgar/data/72971/000007297118000272/wfc-12312017x10k.htm,2018,True
WFC,72971,WELLS FARGO & COMPANY/MN,10-K,0000072971-17-000278,2016-12-31,2017-03-01,2016,wfc-12312016x10k.htm,https://www.sec.gov/Archives/edgar/data/72971/000007297117000278/wfc-12312016x10k.htm,2017,True
WFC,72971,WELLS FARGO & COMPANY/MN,10-K,0000072971-16-001045,2015-12-31,2016-02-24,2015,wfc-12312015x10k.htm,https://www.sec.gov/Archives/edgar/data/72971/000007297116001045/wfc-12312015x10k.htm,2016,True
WFC,72971,WELLS FARGO & COMPANY/MN,10-K,0000072971-15-000449,2014-12-31,2015-02-25,2014,wfc-12312014x10k.htm,https://www.sec.gov/Archives/edgar/data/72971/000007297115000449/wfc-12312014x10k.htm,2015,True
WFC,72971,WELLS FARGO & COMPANY/MN,10-K,0000072971-14-000337,2013-12-31,2014-02-26,2013,wfc10k_20131231.htm,https://www.sec.gov/Archives/edgar/data/72971/000007297114000337/wfc10k_20131231.htm,2014,True
WFC,72971,WELLS FARGO & COMPANY/MN,10-K,0001193125-13-078820,2012-12-31,2013-02-27,2012,d450230d10k.htm,https://www.sec.gov/Archives/edgar/data/72971/000119312513078820/d450230d10k.htm,2013,True
WFC,72971,WELLS FARGO & COMPANY/MN,10-K,0001193125-12-084528,2011-12-31,2012-02-28,2011,d280360d10k.htm,https://www.sec.gov/Archives/edgar/data/72971/000119312512084528/d280360d10k.htm,2012,True
WFC,72971,WELLS FARGO & COMPANY/MN,10-K,0000950123-11-018541,2010-12-31,2011-02-25,2010,f56816e10vk.htm,https://www.sec.gov/Archives/edgar/data/72971/000095012311018541/f56816e10vk.htm,2011,True
WFC,72971,WELLS FARGO & COMPANY/MN,10-K,0000950123-10-017877,2009-12-31,2010-02-26,2009,f54129e10vk.htm,https://www.sec.gov/Archives/edgar/data/72971/000095012310017877/f54129e10vk.htm,2010,True
WFC,72971,WELLS FARGO & COMPANY/MN,10-K,0000950134-09-003967,2008-12-31,2009-02-27,2008,f51597e10vk.htm,https://www.sec.gov/Archives/edgar/data/72971/000095013409003967/f51597e10vk.htm,2009,True
WFC,72971,WELLS FARGO & COMPANY/MN,10-K,0000950134-08-003822,2007-12-31,2008-02-29,2007,f38267e10vk.htm,https://www.sec.gov/Archives/edgar/data/72971/000095013408003822/f38267e10vk.htm,2008,True
WFC,72971,WELLS FARGO & COMPANY/MN,10-K,0000950134-07-004518,2006-12-31,2007-03-01,2006,f27602e10vk.htm,https://www.sec.gov/Archives/edgar/data/72971/000095013407004518/f27602e10vk.htm,2007,True
WFC,72971,WELLS FARGO & COMPANY/MN,10-K,0000950149-06-000083,2005-12-31,2006-03-09,2005,f17867e10vk.htm,https://www.sec.gov/Archives/edgar/data/72971/000095014906000083/f17867e10vk.htm,2006,True
WFC,72971,WELLS FARGO & COMPANY/MN,10-K,0000950134-05-004623,2004-12-31,2005-03-10,2004,f06409e10vk.htm,https://www.sec.gov/Archives/edgar/data/72971/000095013405004623/f06409e10vk.htm,2005,True
WFC,72971,WELLS FARGO & COMPANY/MN,10-K,0000950134-04-003387,2003-12-31,2004-03-12,2003,f97006e10vk.htm,https://www.sec.gov/Archives/edgar/data/72971/000095013404003387/f97006e10vk.htm,2004,True
WFC,72971,WELLS FARGO & COMPANY/MN,10-K,0001047469-03-008749,2002-12-31,2003-03-14,2002,a2104743z10-k.htm,https://www.sec.gov/Archives/edgar/data/72971/000104746903008749/a2104743z10-k.htm,2003,True
WFC,72971,WELLS FARGO & COMPANY/MN,10-K,0000912057-02-010174,2001-12-31,2002-03-15,2001,a2072635z10-k.txt,https://www.sec.gov/Archives/edgar/data/72971/000091205702010174/a2072635z10-k.txt,2002,True
WFC,72971,WELLS FARGO & COMPANY/MN,10-K,0000912057-01-504042,2000-12-31,2001-03-16,2000,a2040410z10-k.txt,https://www.sec.gov/Archives/edgar/data/72971/000091205701504042/a2040410z10-k.txt,2001,True
WFC,72971,WELLS FARGO & COMPANY/MN,10-K,0000912057-00-012168,1999-12-31,2000-03-17,1999,,https://www.sec.gov/Archives/edgar/data/72971/000091205700012168/,2000,True
WFC,72971,WELLS FARGO & COMPANY/MN,10-K405,0001047469-99-010171,1998-12-31,1999-03-17,1998,,https://www.sec.gov/Archives/edgar/data/72971/000104746999010171/,1999,True
WFC,72971,WELLS FARGO & COMPANY/MN,10-K,0001045969-98-000259,1997-12-31,1998-02-27,1997,,https://www.sec.gov/Archives/edgar/data/72971/000104596998000259/,1998,True
WFC,72971,WELLS FARGO & COMPANY/MN,10-K,0000950109-97-001905,1996-12-31,1997-03-04,1996,,https://www.sec.gov/Archives/edgar/data/72971/000095010997001905/,1997,True
WFC,72971,WELLS FARGO & COMPANY/MN,10-K,0000950131-96-000962,1995-12-31,1996-03-07,1995,,https://www.sec.gov/Archives/edgar/data/72971/000095013196000962/,1996,True
WFC,72971,WELLS FARGO & COMPANY/MN,10-K,0000950131-95-000611,1994-12-31,1995-03-16,1994,,https://www.sec.gov/Archives/edgar/data/72971/000095013195000611/,1995,True
WFC,72971,WELLS FARGO & COMPANY/MN,10-K,0000072971-94-000003,1993-12-31,1994-03-08,1993,,https://www.sec.gov/Archives/edgar/data/72971/000007297194000003/,1994,True
BAC,70858,BANK OF AMERICA CORP /DE/,10-K,0000070858-26-000157,2025-12-31,2026-02-25,2025,bac-20251231.htm,https://www.sec.gov/Archives/edgar/data/70858/000007085826000157/bac-20251231.htm,2026,True
BAC,70858,BANK OF AMERICA CORP /DE/,10-K,0000070858-25-000139,2024-12-31,2025-02-25,2024,bac-20241231.htm,https://www.sec.gov/Archives/edgar/data/70858/000007085825000139/bac-20241231.htm,2025,True
BAC,70858,BANK OF AMERICA CORP /DE/,10-K,0000070858-24-000122,2023-12-31,2024-02-20,2023,bac-20231231.htm,https://www.sec.gov/Archives/edgar/data/70858/000007085824000122/bac-20231231.htm,2024,True
BAC,70858,BANK OF AMERICA CORP /DE/,10-K,0000070858-23-000092,2022-12-31,2023-02-22,2022,bac-20221231.htm,https://www.sec.gov/Archives/edgar/data/70858/000007085823000092/bac-20221231.htm,2023,True
BAC,70858,BANK OF AMERICA CORP /DE/,10-K,0000070858-22-000062,2021-12-31,2022-02-22,2021,bac-20211231.htm,https://www.sec.gov/Archives/edgar/data/70858/000007085822000062/bac-20211231.htm,2022,True
BAC,70858,BANK OF AMERICA CORP /DE/,10-K,0000070858-21-000023,2020-12-31,2021-02-24,2020,bac-20201231.htm,https://www.sec.gov/Archives/edgar/data/70858/000007085821000023/bac-20201231.htm,2021,True
BAC,70858,BANK OF AMERICA CORP /DE/,10-K,0000070858-20-000011,2019-12-31,2020-02-19,2019,bac-1231201910xk.htm,https://www.sec.gov/Archives/edgar/data/70858/000007085820000011/bac-1231201910xk.htm,2020,True
BAC,70858,BANK OF AMERICA CORP /DE/,10-K,0000070858-19-000012,2018-12-31,2019-02-26,2018,bac-1231201810xk.htm,https://www.sec.gov/Archives/edgar/data/70858/000007085819000012/bac-1231201810xk.htm,2019,True
BAC,70858,BANK OF AMERICA CORP /DE/,10-K,0000070858-18-000009,2017-12-31,2018-02-22,2017,bac-1231201710xk.htm,https://www.sec.gov/Archives/edgar/data/70858/000007085818000009/bac-1231201710xk.htm,2018,True
BAC,70858,BANK OF AMERICA CORP /DE/,10-K,0000070858-17-000013,2016-12-31,2017-02-23,2016,bac-1231201610xk.htm,https://www.sec.gov/Archives/edgar/data/70858/000007085817000013/bac-1231201610xk.htm,2017,True
BAC,70858,BANK OF AMERICA CORP /DE/,10-K,0000070858-16-000137,2015-12-31,2016-02-24,2015,bac-1231201510xk.htm,https://www.sec.gov/Archives/edgar/data/70858/000007085816000137/bac-1231201510xk.htm,2016,True
BAC,70858,BANK OF AMERICA CORP /DE/,10-K,0000070858-15-000008,2014-12-31,2015-02-25,2014,bac-12312014x10k.htm,https://www.sec.gov/Archives/edgar/data/70858/000007085815000008/bac-12312014x10k.htm,2015,True
BAC,70858,BANK OF AMERICA CORP /DE/,10-K,0000070858-14-000012,2013-12-31,2014-02-25,2013,bac-12312013x10k.htm,https://www.sec.gov/Archives/edgar/data/70858/000007085814000012/bac-12312013x10k.htm,2014,True
BAC,70858,BANK OF AMERICA CORP /DE/,10-K,0000070858-13-000097,2012-12-31,2013-02-28,2012,bac-12312012x10k.htm,https://www.sec.gov/Archives/edgar/data/70858/000007085813000097/bac-12312012x10k.htm,2013,True
BAC,70858,BANK OF AMERICA CORP /DE/,10-K,0000070858-12-000155,2011-12-31,2012-02-23,2011,bac-12312011x10k.htm,https://www.sec.gov/Archives/edgar/data/70858/000007085812000155/bac-12312011x10k.htm,2012,True
BAC,70858,BANK OF AMERICA CORP /DE/,10-K,0000950123-11-018743,2010-12-31,2011-02-25,2010,g25571e10vk.htm,https://www.sec.gov/Archives/edgar/data/70858/000095012311018743/g25571e10vk.htm,2011,True
BAC,70858,BANK OF AMERICA CORP /DE/,10-K,0001193125-10-041666,2009-12-31,2010-02-26,2009,d10k.htm,https://www.sec.gov/Archives/edgar/data/70858/000119312510041666/d10k.htm,2010,True
BAC,70858,BANK OF AMERICA CORP /DE/,10-K,0001193125-09-041126,2008-12-31,2009-02-27,2008,d10k.htm,https://www.sec.gov/Archives/edgar/data/70858/000119312509041126/d10k.htm,2009,True
BAC,70858,BANK OF AMERICA CORP /DE/,10-K,0001193125-08-041665,2007-12-31,2008-02-28,2007,d10k.htm,https://www.sec.gov/Archives/edgar/data/70858/000119312508041665/d10k.htm,2008,True
BAC,70858,BANK OF AMERICA CORP /DE/,10-K,0001193125-07-042036,2006-12-31,2007-02-28,2006,d10k.htm,https://www.sec.gov/Archives/edgar/data/70858/000119312507042036/d10k.htm,2007,True
BAC,70858,BANK OF AMERICA CORP /DE/,10-K,0001193125-06-056053,2005-12-31,2006-03-16,2005,d10k.htm,https://www.sec.gov/Archives/edgar/data/70858/000119312506056053/d10k.htm,2006,True
BAC,70858,BANK OF AMERICA CORP /DE/,10-K,0001193125-05-039878,2004-12-31,2005-03-01,2004,d10k.htm,https://www.sec.gov/Archives/edgar/data/70858/000119312505039878/d10k.htm,2005,True
BAC,70858,BANK OF AMERICA CORP /DE/,10-K,0001193125-04-032312,2003-12-31,2004-03-01,2003,d10k.htm,https://www.sec.gov/Archives/edgar/data/70858/000119312504032312/d10k.htm,2004,True
BAC,70858,BANK OF AMERICA CORP /DE/,10-K,0001021408-03-003673,2002-12-31,2003-03-03,2002,d10k.htm,https://www.sec.gov/Archives/edgar/data/70858/000102140803003673/d10k.htm,2003,True
BAC,70858,BANK OF AMERICA CORP /DE/,10-K,0000950168-02-000551,2001-12-31,2002-03-27,2001,d10k.txt,https://www.sec.gov/Archives/edgar/data/70858/000095016802000551/d10k.txt,2002,True
BAC,70858,BANK OF AMERICA CORP /DE/,10-K,0000950168-01-000538,2000-12-31,2001-03-19,2000,0001.txt,https://www.sec.gov/Archives/edgar/data/70858/000095016801000538/0001.txt,2001,True
BAC,70858,BANK OF AMERICA CORP /DE/,10-K,0000950168-00-000621,1999-12-31,2000-03-20,1999,,https://www.sec.gov/Archives/edgar/data/70858/000095016800000621/,2000,True
BAC,70858,BANK OF AMERICA CORP /DE/,10-K,0000950168-99-000782,1998-12-31,1999-03-22,1998,,https://www.sec.gov/Archives/edgar/data/70858/000095016899000782/,1999,True
BAC,70858,BANK OF AMERICA CORP /DE/,10-K,0000950168-98-000724,1997-12-31,1998-03-13,1997,,https://www.sec.gov/Archives/edgar/data/70858/000095016898000724/,1998,True
BAC,70858,BANK OF AMERICA CORP /DE/,10-K,0000950168-97-000739,1996-12-31,1997-03-28,1996,,https://www.sec.gov/Archives/edgar/data/70858/000095016897000739/,1997,True
BAC,70858,BANK OF AMERICA CORP /DE/,10-K,0000950168-96-000536,1995-12-31,1996-03-29,1995,,https://www.sec.gov/Archives/edgar/data/70858/000095016896000536/,1996,True
BAC,70858,BANK OF AMERICA CORP /DE/,10-K405,0000950168-95-000247,1994-12-31,1995-03-30,1994,,https://www.sec.gov/Archives/edgar/data/70858/000095016895000247/,1995,True
BAC,70858,BANK OF AMERICA CORP /DE/,10-K,0000950168-94-000099,1993-12-31,1994-03-30,1993,,https://www.sec.gov/Archives/edgar/data/70858/000095016894000099/,1994,True
GS,886982,GOLDMAN SACHS GROUP INC,10-K,0000886982-26-000091,2025-12-31,2026-02-25,2025,gs-20251231.htm,https://www.sec.gov/Archives/edgar/data/886982/000088698226000091/gs-20251231.htm,2026,True
GS,886982,GOLDMAN SACHS GROUP INC,10-K,0000886982-25-000005,2024-12-31,2025-02-27,2024,gs-20241231.htm,https://www.sec.gov/Archives/edgar/data/886982/000088698225000005/gs-20241231.htm,2025,True
GS,886982,GOLDMAN SACHS GROUP INC,10-K,0000886982-24-000006,2023-12-31,2024-02-23,2023,gs-20231231.htm,https://www.sec.gov/Archives/edgar/data/886982/000088698224000006/gs-20231231.htm,2024,True
GS,886982,GOLDMAN SACHS GROUP INC,10-K,0000886982-23-000003,2022-12-31,2023-02-24,2022,gs-20221231.htm,https://www.sec.gov/Archives/edgar/data/886982/000088698223000003/gs-20221231.htm,2023,True
GS,886982,GOLDMAN SACHS GROUP INC,10-K,0001193125-22-052682,2021-12-31,2022-02-25,2021,d192225d10k.htm,https://www.sec.gov/Archives/edgar/data/886982/000119312522052682/d192225d10k.htm,2022,True
GS,886982,GOLDMAN SACHS GROUP INC,10-K,0001193125-21-049380,2020-12-31,2021-02-22,2020,d39654d10k.htm,https://www.sec.gov/Archives/edgar/data/886982/000119312521049380/d39654d10k.htm,2021,True
GS,886982,GOLDMAN SACHS GROUP INC,10-K,0001193125-20-043853,2019-12-31,2020-02-21,2019,d826673d10k.htm,https://www.sec.gov/Archives/edgar/data/886982/000119312520043853/d826673d10k.htm,2020,True
GS,886982,GOLDMAN SACHS GROUP INC,10-K,0001193125-19-050198,2018-12-31,2019-02-26,2018,d669877d10k.htm,https://www.sec.gov/Archives/edgar/data/886982/000119312519050198/d669877d10k.htm,2019,True
GS,886982,GOLDMAN SACHS GROUP INC,10-K,0001193125-18-056383,2017-12-31,2018-02-26,2017,d480167d10k.htm,https://www.sec.gov/Archives/edgar/data/886982/000119312518056383/d480167d10k.htm,2018,True
GS,886982,GOLDMAN SACHS GROUP INC,10-K,0001193125-17-056804,2016-12-31,2017-02-27,2016,d308759d10k.htm,https://www.sec.gov/Archives/edgar/data/886982/000119312517056804/d308759d10k.htm,2017,True
GS,886982,GOLDMAN SACHS GROUP INC,10-K,0001193125-16-470289,2015-12-31,2016-02-22,2015,d107036d10k.htm,https://www.sec.gov/Archives/edgar/data/886982/000119312516470289/d107036d10k.htm,2016,True
GS,886982,GOLDMAN SACHS GROUP INC,10-K,0001193125-15-056785,2014-12-31,2015-02-23,2014,d840464d10k.htm,https://www.sec.gov/Archives/edgar/data/886982/000119312515056785/d840464d10k.htm,2015,True
GS,886982,GOLDMAN SACHS GROUP INC,10-K,0001193125-14-073792,2013-12-31,2014-02-28,2013,d655877d10k.htm,https://www.sec.gov/Archives/edgar/data/886982/000119312514073792/d655877d10k.htm,2014,True
GS,886982,GOLDMAN SACHS GROUP INC,10-K,0001193125-13-085474,2012-12-31,2013-03-01,2012,d446679d10k.htm,https://www.sec.gov/Archives/edgar/data/886982/000119312513085474/d446679d10k.htm,2013,True
GS,886982,GOLDMAN SACHS GROUP INC,10-K,0001193125-12-085822,2011-12-31,2012-02-28,2011,d276319d10k.htm,https://www.sec.gov/Archives/edgar/data/886982/000119312512085822/d276319d10k.htm,2012,True
GS,886982,GOLDMAN SACHS GROUP INC,10-K,0000950123-11-020067,2010-12-31,2011-03-01,2010,y88213e10vk.htm,https://www.sec.gov/Archives/edgar/data/886982/000095012311020067/y88213e10vk.htm,2011,True
GS,886982,GOLDMAN SACHS GROUP INC,10-K,0000950123-10-018464,2009-12-31,2010-03-01,2009,y81914e10vk.htm,https://www.sec.gov/Archives/edgar/data/886982/000095012310018464/y81914e10vk.htm,2010,True
GS,886982,GOLDMAN SACHS GROUP INC,10-K,0000950123-09-001278,2008-11-28,2009-01-27,2008,y74032e10vk.htm,https://www.sec.gov/Archives/edgar/data/886982/000095012309001278/y74032e10vk.htm,2009,True
GS,886982,GOLDMAN SACHS GROUP INC,10-K,0000950123-08-000857,2007-11-30,2008-01-29,2007,y46519e10vk.htm,https://www.sec.gov/Archives/edgar/data/886982/000095012308000857/y46519e10vk.htm,2008,True
GS,886982,GOLDMAN SACHS GROUP INC,10-K,0000950123-07-001332,2006-11-24,2007-02-06,2006,y29219e10vk.htm,https://www.sec.gov/Archives/edgar/data/886982/000095012307001332/y29219e10vk.htm,2007,True
GS,886982,GOLDMAN SACHS GROUP INC,10-K,0000950123-06-001208,2005-11-25,2006-02-07,2005,y16720e10vk.htm,https://www.sec.gov/Archives/edgar/data/886982/000095012306001208/y16720e10vk.htm,2006,True
GS,886982,GOLDMAN SACHS GROUP INC,10-K,0000950123-05-001271,2004-11-26,2005-02-08,2004,e05053e10vk.htm,https://www.sec.gov/Archives/edgar/data/886982/000095012305001271/e05053e10vk.htm,2005,True
GS,886982,GOLDMAN SACHS GROUP INC,10-K,0000950123-04-002239,2003-11-28,2004-02-24,2003,y94357e10vk.htm,https://www.sec.gov/Archives/edgar/data/886982/000095012304002239/y94357e10vk.htm,2004,True
GS,886982,GOLDMAN SACHS GROUP INC,10-K,0000950123-03-002099,2002-11-29,2003-02-27,2002,y83718e10vk.htm,https://www.sec.gov/Archives/edgar/data/886982/000095012303002099/y83718e10vk.htm,2003,True
GS,886982,GOLDMAN SACHS GROUP INC,10-K405,0000950123-02-001815,2001-11-30,2002-02-22,2001,y57552e10-k405.htm,https://www.sec.gov/Archives/edgar/data/886982/000095012302001815/y57552e10-k405.htm,2002,True
GS,886982,GOLDMAN SACHS GROUP INC,10-K405,0000950123-01-001552,2000-11-24,2001-02-16,2000,y45442e10-k405.htm,https://www.sec.gov/Archives/edgar/data/886982/000095012301001552/y45442e10-k405.htm,2001,True
GS,886982,GOLDMAN SACHS GROUP INC,10-K,0000950123-00-001143,1999-11-26,2000-02-14,1999,0000950123-00-001143-d1.html,https://www.sec.gov/Archives/edgar/data/886982/000095012300001143/0000950123-00-001143-d1.html,2000,True
BLK,2012383,"BlackRock, Inc.",10-K,0001193125-26-071966,2025-12-31,2026-02-25,2025,blk-20251231.htm,https://www.sec.gov/Archives/edgar/data/2012383/000119312526071966/blk-20251231.htm,2026,True
BLK,2012383,"BlackRock, Inc.",10-K,0000950170-25-026584,2024-12-31,2025-02-25,2024,blk-20241231.htm,https://www.sec.gov/Archives/edgar/data/2012383/000095017025026584/blk-20241231.htm,2025,True
BLK,1364742,"BlackRock Finance, Inc.",10-K,0000950170-24-019271,2023-12-31,2024-02-23,2023,blk-20231231.htm,https://www.sec.gov/Archives/edgar/data/1364742/000095017024019271/blk-20231231.htm,2024,True
BLK,1364742,"BlackRock Finance, Inc.",10-K,0000950170-23-004343,2022-12-31,2023-02-24,2022,blk-20221231.htm,https://www.sec.gov/Archives/edgar/data/1364742/000095017023004343/blk-20221231.htm,2023,True
BLK,1364742,"BlackRock Finance, Inc.",10-K,0001564590-22-007117,2021-12-31,2022-02-25,2021,blk-10k_20211231.htm,https://www.sec.gov/Archives/edgar/data/1364742/000156459022007117/blk-10k_20211231.htm,2022,True
BLK,1364742,"BlackRock Finance, Inc.",10-K,0001564590-21-008796,2020-12-31,2021-02-25,2020,blk-10k_20201231.htm,https://www.sec.gov/Archives/edgar/data/1364742/000156459021008796/blk-10k_20201231.htm,2021,True
BLK,1364742,"BlackRock Finance, Inc.",10-K,0001564590-20-007807,2019-12-31,2020-02-28,2019,blk-10k_20191231.htm,https://www.sec.gov/Archives/edgar/data/1364742/000156459020007807/blk-10k_20191231.htm,2020,True
BLK,1364742,"BlackRock Finance, Inc.",10-K,0001564590-19-005479,2018-12-31,2019-02-28,2018,blk-10k_20181231.htm,https://www.sec.gov/Archives/edgar/data/1364742/000156459019005479/blk-10k_20181231.htm,2019,True
BLK,1364742,"BlackRock Finance, Inc.",10-K,0001564590-18-003744,2017-12-31,2018-02-28,2017,blk-10k_20171231.htm,https://www.sec.gov/Archives/edgar/data/1364742/000156459018003744/blk-10k_20171231.htm,2018,True
BLK,1364742,"BlackRock Finance, Inc.",10-K,0001564590-17-002816,2016-12-31,2017-02-28,2016,blk-10k_20161231.htm,https://www.sec.gov/Archives/edgar/data/1364742/000156459017002816/blk-10k_20161231.htm,2017,True
BLK,1364742,"BlackRock Finance, Inc.",10-K,0001564590-16-013511,2015-12-31,2016-02-26,2015,blk-10k_20151231.htm,https://www.sec.gov/Archives/edgar/data/1364742/000156459016013511/blk-10k_20151231.htm,2016,True
BLK,1364742,"BlackRock Finance, Inc.",10-K,0001193125-15-069955,2014-12-31,2015-02-27,2014,d822114d10k.htm,https://www.sec.gov/Archives/edgar/data/1364742/000119312515069955/d822114d10k.htm,2015,True
BLK,1364742,"BlackRock Finance, Inc.",10-K,0001193125-14-076587,2013-12-31,2014-02-28,2013,d641151d10k.htm,https://www.sec.gov/Archives/edgar/data/1364742/000119312514076587/d641151d10k.htm,2014,True
BLK,1364742,"BlackRock Finance, Inc.",10-K,0001193125-13-084957,2012-12-31,2013-03-01,2012,d439552d10k.htm,https://www.sec.gov/Archives/edgar/data/1364742/000119312513084957/d439552d10k.htm,2013,True
BLK,1364742,"BlackRock Finance, Inc.",10-K,0001193125-12-085869,2011-12-31,2012-02-28,2011,d270105d10k.htm,https://www.sec.gov/Archives/edgar/data/1364742/000119312512085869/d270105d10k.htm,2012,True
BLK,1364742,"BlackRock Finance, Inc.",10-K,0001193125-11-050218,2010-12-31,2011-02-28,2010,d10k.htm,https://www.sec.gov/Archives/edgar/data/1364742/000119312511050218/d10k.htm,2011,True
BLK,1364742,"BlackRock Finance, Inc.",10-K,0001193125-10-052764,2009-12-31,2010-03-10,2009,d10k.htm,https://www.sec.gov/Archives/edgar/data/1364742/000119312510052764/d10k.htm,2010,True
BLK,1364742,"BlackRock Finance, Inc.",10-K,0001193125-09-041298,2008-12-31,2009-03-02,2008,d10k.htm,https://www.sec.gov/Archives/edgar/data/1364742/000119312509041298/d10k.htm,2009,True
BLK,1364742,"BlackRock Finance, Inc.",10-K,0001193125-08-041884,2007-12-31,2008-02-28,2007,d10k.htm,https://www.sec.gov/Archives/edgar/data/1364742/000119312508041884/d10k.htm,2008,True
BLK,1364742,"BlackRock Finance, Inc.",10-K,0001193125-07-053304,2006-12-31,2007-03-13,2006,d10k.htm,https://www.sec.gov/Archives/edgar/data/1364742/000119312507053304/d10k.htm,2007,True
STT,93751,STATE STREET CORP,10-K,0000093751-26-000124,2025-12-31,2026-02-19,2025,stt-20251231.htm,https://www.sec.gov/Archives/edgar/data/93751/000009375126000124/stt-20251231.htm,2026,True
STT,93751,STATE STREET CORP,10-K,0000093751-25-000111,2024-12-31,2025-02-13,2024,stt-20241231.htm,https://www.sec.gov/Archives/edgar/data/93751/000009375125000111/stt-20241231.htm,2025,True
STT,93751,STATE STREET CORP,10-K,0000093751-24-000498,2023-12-31,2024-02-15,2023,stt-20231231.htm,https://www.sec.gov/Archives/edgar/data/93751/000009375124000498/stt-20231231.htm,2024,True
STT,93751,STATE STREET CORP,10-K,0000093751-23-000489,2022-12-31,2023-02-16,2022,stt-20221231.htm,https://www.sec.gov/Archives/edgar/data/93751/000009375123000489/stt-20221231.htm,2023,True
STT,93751,STATE STREET CORP,10-K,0000093751-22-000424,2021-12-31,2022-02-17,2021,stt-20211231.htm,https://www.sec.gov/Archives/edgar/data/93751/000009375122000424/stt-20211231.htm,2022,True
STT,93751,STATE STREET CORP,10-K,0000093751-21-000476,2020-12-31,2021-02-19,2020,stt-20201231.htm,https://www.sec.gov/Archives/edgar/data/93751/000009375121000476/stt-20201231.htm,2021,True
STT,93751,STATE STREET CORP,10-K,0000093751-20-000684,2019-12-31,2020-02-20,2019,stt-2019123110xk.htm,https://www.sec.gov/Archives/edgar/data/93751/000009375120000684/stt-2019123110xk.htm,2020,True
STT,93751,STATE STREET CORP,10-K,0000093751-19-000336,2018-12-31,2019-02-21,2018,stt-20181231_10k.htm,https://www.sec.gov/Archives/edgar/data/93751/000009375119000336/stt-20181231_10k.htm,2019,True
STT,93751,STATE STREET CORP,10-K,0000093751-18-000308,2017-12-31,2018-02-26,2017,stt-20171231_10k.htm,https://www.sec.gov/Archives/edgar/data/93751/000009375118000308/stt-20171231_10k.htm,2018,True
STT,93751,STATE STREET CORP,10-K,0000093751-17-000249,2016-12-31,2017-02-17,2016,stt-20161231_10k.htm,https://www.sec.gov/Archives/edgar/data/93751/000009375117000249/stt-20161231_10k.htm,2017,True
STT,93751,STATE STREET CORP,10-K,0000093751-16-000446,2015-12-31,2016-02-19,2015,stt-20151231_10k.htm,https://www.sec.gov/Archives/edgar/data/93751/000009375116000446/stt-20151231_10k.htm,2016,True
STT,93751,STATE STREET CORP,10-K,0000093751-15-000042,2014-12-31,2015-02-20,2014,stt-20141231_10k.htm,https://www.sec.gov/Archives/edgar/data/93751/000009375115000042/stt-20141231_10k.htm,2015,True
STT,93751,STATE STREET CORP,10-K,0000093751-14-000040,2013-12-31,2014-02-21,2013,stt-20131231_10k.htm,https://www.sec.gov/Archives/edgar/data/93751/000009375114000040/stt-20131231_10k.htm,2014,True
STT,93751,STATE STREET CORP,10-K,0000093751-13-000040,2012-12-31,2013-02-22,2012,stt-20121231_10k.htm,https://www.sec.gov/Archives/edgar/data/93751/000009375113000040/stt-20121231_10k.htm,2013,True
STT,93751,STATE STREET CORP,10-K,0001193125-12-079737,2011-12-31,2012-02-27,2011,d262731d10k.htm,https://www.sec.gov/Archives/edgar/data/93751/000119312512079737/d262731d10k.htm,2012,True
STT,93751,STATE STREET CORP,10-K,0001193125-11-047982,2010-12-31,2011-02-28,2010,d10k.htm,https://www.sec.gov/Archives/edgar/data/93751/000119312511047982/d10k.htm,2011,True
STT,93751,STATE STREET CORP,10-K,0001193125-10-036481,2009-12-31,2010-02-22,2009,d10k.htm,https://www.sec.gov/Archives/edgar/data/93751/000119312510036481/d10k.htm,2010,True
STT,93751,STATE STREET CORP,10-K,0001193125-09-041171,2008-12-31,2009-02-27,2008,d10k.htm,https://www.sec.gov/Archives/edgar/data/93751/000119312509041171/d10k.htm,2009,True
STT,93751,STATE STREET CORP,10-K,0001047469-08-001447,2007-12-31,2008-02-15,2007,a2182320z10-k.htm,https://www.sec.gov/Archives/edgar/data/93751/000104746908001447/a2182320z10-k.htm,2008,True
STT,93751,STATE STREET CORP,10-K,0001104659-07-012016,2006-12-31,2007-02-20,2006,a07-2771_110k.htm,https://www.sec.gov/Archives/edgar/data/93751/000110465907012016/a07-2771_110k.htm,2007,True
STT,93751,STATE STREET CORP,10-K,0001145443-06-000351,2005-12-31,2006-02-21,2005,d18466_10-k.htm,https://www.sec.gov/Archives/edgar/data/93751/000114544306000351/d18466_10-k.htm,2006,True
STT,93751,STATE STREET CORP,10-K,0001145443-05-000253,2004-12-31,2005-02-18,2004,d16051.htm,https://www.sec.gov/Archives/edgar/data/93751/000114544305000253/d16051.htm,2005,True
STT,93751,STATE STREET CORP,10-K,0001145443-04-000171,2003-12-31,2004-02-24,2003,d13865.htm,https://www.sec.gov/Archives/edgar/data/93751/000114544304000171/d13865.htm,2004,True
STT,93751,STATE STREET CORP,10-K,0001145443-03-000208,2002-12-31,2003-02-21,2002,d11805-10k.htm,https://www.sec.gov/Archives/edgar/data/93751/000114544303000208/d11805-10k.htm,2003,True
STT,93751,STATE STREET CORP,10-K,0001145443-02-000006,2001-12-31,2002-02-22,2001,d10-k.htm,https://www.sec.gov/Archives/edgar/data/93751/000114544302000006/d10-k.htm,2002,True
STT,93751,STATE STREET CORP,10-K405,0000912057-01-006183,2000-12-31,2001-02-16,2000,a2039156z10-k405.txt,https://www.sec.gov/Archives/edgar/data/93751/000091205701006183/a2039156z10-k405.txt,2001,True
STT,93751,STATE STREET CORP,10-K405,0000950146-00-000336,1999-12-31,2000-03-30,1999,,https://www.sec.gov/Archives/edgar/data/93751/000095014600000336/,2000,True
STT,93751,STATE STREET CORP,10-K,0000950146-99-000551,1998-12-31,1999-03-23,1998,,https://www.sec.gov/Archives/edgar/data/93751/000095014699000551/,1999,True
STT,93751,STATE STREET CORP,10-K,0000950156-98-000287,1997-12-31,1998-03-26,1997,,https://www.sec.gov/Archives/edgar/data/93751/000095015698000287/,1998,True
STT,93751,STATE STREET CORP,10-K,0000950156-97-000348,1996-12-31,1997-03-26,1996,,https://www.sec.gov/Archives/edgar/data/93751/000095015697000348/,1997,True
STT,93751,STATE STREET CORP,10-K,0000950156-96-000321,1995-12-31,1996-03-27,1995,,https://www.sec.gov/Archives/edgar/data/93751/000095015696000321/,1996,True
STT,93751,STATE STREET CORP,10-K,0000950156-95-000201,1994-12-31,1995-03-29,1994,,https://www.sec.gov/Archives/edgar/data/93751/000095015695000201/,1995,True
STT,93751,STATE STREET CORP,10-K,0000950156-94-000009,1993-12-31,1994-03-30,1993,,https://www.sec.gov/Archives/edgar/data/93751/000095015694000009/,1994,True
TROW,1113169,PRICE T ROWE GROUP INC,10-K,0001628280-26-008002,2025-12-31,2026-02-13,2025,trow-20251231.htm,https://www.sec.gov/Archives/edgar/data/1113169/000162828026008002/trow-20251231.htm,2026,True
TROW,1113169,PRICE T ROWE GROUP INC,10-K,0001113169-25-000007,2024-12-31,2025-02-14,2024,trow-20241231.htm,https://www.sec.gov/Archives/edgar/data/1113169/000111316925000007/trow-20241231.htm,2025,True
TROW,1113169,PRICE T ROWE GROUP INC,10-K,0001113169-24-000007,2023-12-31,2024-02-16,2023,trow-20231231.htm,https://www.sec.gov/Archives/edgar/data/1113169/000111316924000007/trow-20231231.htm,2024,True
TROW,1113169,PRICE T ROWE GROUP INC,10-K,0001113169-23-000007,2022-12-31,2023-02-15,2022,trow-20221231.htm,https://www.sec.gov/Archives/edgar/data/1113169/000111316923000007/trow-20221231.htm,2023,True
TROW,1113169,PRICE T ROWE GROUP INC,10-K,0001113169-22-000005,2021-12-31,2022-02-24,2021,trow-20211231.htm,https://www.sec.gov/Archives/edgar/data/1113169/000111316922000005/trow-20211231.htm,2022,True
TROW,1113169,PRICE T ROWE GROUP INC,10-K,0001113169-21-000006,2020-12-31,2021-02-11,2020,trow-20201231.htm,https://www.sec.gov/Archives/edgar/data/1113169/000111316921000006/trow-20201231.htm,2021,True
TROW,1113169,PRICE T ROWE GROUP INC,10-K,0001113169-20-000008,2019-12-31,2020-02-13,2019,a201910k.htm,https://www.sec.gov/Archives/edgar/data/1113169/000111316920000008/a201910k.htm,2020,True
TROW,1113169,PRICE T ROWE GROUP INC,10-K,0001113169-19-000011,2018-12-31,2019-02-13,2018,a201810k.htm,https://www.sec.gov/Archives/edgar/data/1113169/000111316919000011/a201810k.htm,2019,True
TROW,1113169,PRICE T ROWE GROUP INC,10-K,0001113169-18-000009,2017-12-31,2018-02-16,2017,a201710k.htm,https://www.sec.gov/Archives/edgar/data/1113169/000111316918000009/a201710k.htm,2018,True
TROW,1113169,PRICE T ROWE GROUP INC,10-K,0001113169-17-000014,2016-12-31,2017-02-07,2016,a201610k.htm,https://www.sec.gov/Archives/edgar/data/1113169/000111316917000014/a201610k.htm,2017,True
TROW,1113169,PRICE T ROWE GROUP INC,10-K,0001113169-16-000033,2015-12-31,2016-02-05,2015,a201510k.htm,https://www.sec.gov/Archives/edgar/data/1113169/000111316916000033/a201510k.htm,2016,True
TROW,1113169,PRICE T ROWE GROUP INC,10-K,0001113169-15-000007,2014-12-31,2015-02-05,2014,a201410k.htm,https://www.sec.gov/Archives/edgar/data/1113169/000111316915000007/a201410k.htm,2015,True
TROW,1113169,PRICE T ROWE GROUP INC,10-K,0001113169-14-000007,2013-12-31,2014-02-04,2013,a201310k.htm,https://www.sec.gov/Archives/edgar/data/1113169/000111316914000007/a201310k.htm,2014,True
TROW,1113169,PRICE T ROWE GROUP INC,10-K,0001113169-13-000010,2012-12-31,2013-02-05,2012,a201210k.htm,https://www.sec.gov/Archives/edgar/data/1113169/000111316913000010/a201210k.htm,2013,True
TROW,1113169,PRICE T ROWE GROUP INC,10-K,0001193125-12-038736,2011-12-31,2012-02-03,2011,d292752d10k.htm,https://www.sec.gov/Archives/edgar/data/1113169/000119312512038736/d292752d10k.htm,2012,True
TROW,1113169,PRICE T ROWE GROUP INC,10-K,0000950123-11-010348,2010-12-31,2011-02-08,2010,w81368e10vk.htm,https://www.sec.gov/Archives/edgar/data/1113169/000095012311010348/w81368e10vk.htm,2011,True
TROW,1113169,PRICE T ROWE GROUP INC,10-K,0000950123-10-009025,2009-12-31,2010-02-05,2009,w77056e10vk.htm,https://www.sec.gov/Archives/edgar/data/1113169/000095012310009025/w77056e10vk.htm,2010,True
TROW,1113169,PRICE T ROWE GROUP INC,10-K,0000950133-09-000237,2008-12-31,2009-02-06,2008,w72586e10vk.htm,https://www.sec.gov/Archives/edgar/data/1113169/000095013309000237/w72586e10vk.htm,2009,True
TROW,1113169,PRICE T ROWE GROUP INC,10-K,0000950133-08-000389,2007-12-31,2008-02-07,2007,w47962e10vk.htm,https://www.sec.gov/Archives/edgar/data/1113169/000095013308000389/w47962e10vk.htm,2008,True
TROW,1113169,PRICE T ROWE GROUP INC,10-K,0000950133-07-000416,2006-12-31,2007-02-08,2006,w29775e10vk.htm,https://www.sec.gov/Archives/edgar/data/1113169/000095013307000416/w29775e10vk.htm,2007,True
TROW,1113169,PRICE T ROWE GROUP INC,10-K,0000950133-06-000779,2005-12-31,2006-02-16,2005,w17533e10vk.htm,https://www.sec.gov/Archives/edgar/data/1113169/000095013306000779/w17533e10vk.htm,2006,True
TROW,1113169,PRICE T ROWE GROUP INC,10-K,0000950133-05-000815,2004-12-31,2005-03-01,2004,w05557e10vk.htm,https://www.sec.gov/Archives/edgar/data/1113169/000095013305000815/w05557e10vk.htm,2005,True
TROW,1113169,PRICE T ROWE GROUP INC,10-K,0000950133-04-000683,2003-12-31,2004-03-01,2003,w94682e10vk.htm,https://www.sec.gov/Archives/edgar/data/1113169/000095013304000683/w94682e10vk.htm,2004,True
TROW,1113169,PRICE T ROWE GROUP INC,10-K,0000950133-03-000699,2002-12-31,2003-03-06,2002,w83905e10vk.txt,https://www.sec.gov/Archives/edgar/data/1113169/000095013303000699/w83905e10vk.txt,2003,True
TROW,1113169,PRICE T ROWE GROUP INC,10-K,0000950133-02-000917,2001-12-31,2002-03-14,2001,w58422e10-k.txt,https://www.sec.gov/Archives/edgar/data/1113169/000095013302000917/w58422e10-k.txt,2002,True
TROW,1113169,PRICE T ROWE GROUP INC,10-K,0001113169-01-000003,2000-12-31,2001-03-26,2000,0001.txt,https://www.sec.gov/Archives/edgar/data/1113169/000111316901000003/0001.txt,2001,True
IVZ,914208,Invesco Ltd.,10-K,0000914208-26-000079,2025-12-31,2026-02-24,2025,ivz-20251231.htm,https://www.sec.gov/Archives/edgar/data/914208/000091420826000079/ivz-20251231.htm,2026,True
IVZ,914208,Invesco Ltd.,10-K,0000914208-25-000114,2024-12-31,2025-02-25,2024,ivz-20241231.htm,https://www.sec.gov/Archives/edgar/data/914208/000091420825000114/ivz-20241231.htm,2025,True
IVZ,914208,Invesco Ltd.,10-K,0000914208-24-000219,2023-12-31,2024-02-21,2023,ivz-20231231.htm,https://www.sec.gov/Archives/edgar/data/914208/000091420824000219/ivz-20231231.htm,2024,True
IVZ,914208,Invesco Ltd.,10-K,0000914208-23-000297,2022-12-31,2023-02-23,2022,ivz-20221231.htm,https://www.sec.gov/Archives/edgar/data/914208/000091420823000297/ivz-20221231.htm,2023,True
IVZ,914208,Invesco Ltd.,10-K,0000914208-22-000319,2021-12-31,2022-02-18,2021,ivz-20211231.htm,https://www.sec.gov/Archives/edgar/data/914208/000091420822000319/ivz-20211231.htm,2022,True
IVZ,914208,Invesco Ltd.,10-K,0000914208-21-000331,2020-12-31,2021-02-19,2020,ivz-20201231.htm,https://www.sec.gov/Archives/edgar/data/914208/000091420821000331/ivz-20201231.htm,2021,True
IVZ,914208,Invesco Ltd.,10-K,0000914208-20-000245,2019-12-31,2020-03-02,2019,a201910-k.htm,https://www.sec.gov/Archives/edgar/data/914208/000091420820000245/a201910-k.htm,2020,True
IVZ,914208,Invesco Ltd.,10-K,0000914208-19-000195,2018-12-31,2019-02-22,2018,a201810-k.htm,https://www.sec.gov/Archives/edgar/data/914208/000091420819000195/a201810-k.htm,2019,True
IVZ,914208,Invesco Ltd.,10-K,0000914208-18-000255,2017-12-31,2018-02-23,2017,a201710-k.htm,https://www.sec.gov/Archives/edgar/data/914208/000091420818000255/a201710-k.htm,2018,True
IVZ,914208,Invesco Ltd.,10-K,0000914208-17-000328,2016-12-31,2017-02-23,2016,a201610-k.htm,https://www.sec.gov/Archives/edgar/data/914208/000091420817000328/a201610-k.htm,2017,True
IVZ,914208,Invesco Ltd.,10-K,0000914208-16-000846,2015-12-31,2016-02-19,2015,a201510-k.htm,https://www.sec.gov/Archives/edgar/data/914208/000091420816000846/a201510-k.htm,2016,True
IVZ,914208,Invesco Ltd.,10-K,0000914208-15-000293,2014-12-31,2015-02-20,2014,a201410-kxbrl.htm,https://www.sec.gov/Archives/edgar/data/914208/000091420815000293/a201410-kxbrl.htm,2015,True
IVZ,914208,Invesco Ltd.,10-K,0000914208-14-000271,2013-12-31,2014-02-21,2013,a201310-k.htm,https://www.sec.gov/Archives/edgar/data/914208/000091420814000271/a201310-k.htm,2014,True
IVZ,914208,Invesco Ltd.,10-K,0000914208-13-000308,2012-12-31,2013-02-22,2012,a201210-k.htm,https://www.sec.gov/Archives/edgar/data/914208/000091420813000308/a201210-k.htm,2013,True
IVZ,914208,Invesco Ltd.,10-K,0000914208-12-000332,2011-12-31,2012-02-24,2011,a201110-k.htm,https://www.sec.gov/Archives/edgar/data/914208/000091420812000332/a201110-k.htm,2012,True
IVZ,914208,Invesco Ltd.,10-K,0000950123-11-018684,2010-12-31,2011-02-25,2010,g26096e10vk.htm,https://www.sec.gov/Archives/edgar/data/914208/000095012311018684/g26096e10vk.htm,2011,True
IVZ,914208,Invesco Ltd.,10-K,0000950123-10-017949,2009-12-31,2010-02-26,2009,g21385e10vk.htm,https://www.sec.gov/Archives/edgar/data/914208/000095012310017949/g21385e10vk.htm,2010,True
IVZ,914208,Invesco Ltd.,10-K,0000914208-09-000511,2008-12-31,2009-02-27,2008,form10k123108new.htm,https://www.sec.gov/Archives/edgar/data/914208/000091420809000511/form10k123108new.htm,2009,True
IVZ,914208,Invesco Ltd.,10-K,0000950144-08-001518,2007-12-31,2008-02-29,2007,g11915e10vk.htm,https://www.sec.gov/Archives/edgar/data/914208/000095014408001518/g11915e10vk.htm,2008,True
NFLX,1065280,NETFLIX INC,10-K,0001065280-26-000034,2025-12-31,2026-01-23,2025,nflx-20251231.htm,https://www.sec.gov/Archives/edgar/data/1065280/000106528026000034/nflx-20251231.htm,2026,True
NFLX,1065280,NETFLIX INC,10-K,0001065280-25-000044,2024-12-31,2025-01-27,2024,nflx-20241231.htm,https://www.sec.gov/Archives/edgar/data/1065280/000106528025000044/nflx-20241231.htm,2025,True
NFLX,1065280,NETFLIX INC,10-K,0001065280-24-000030,2023-12-31,2024-01-26,2023,nflx-20231231.htm,https://www.sec.gov/Archives/edgar/data/1065280/000106528024000030/nflx-20231231.htm,2024,True
NFLX,1065280,NETFLIX INC,10-K,0001065280-23-000035,2022-12-31,2023-01-26,2022,nflx-20221231.htm,https://www.sec.gov/Archives/edgar/data/1065280/000106528023000035/nflx-20221231.htm,2023,True
NFLX,1065280,NETFLIX INC,10-K,0001065280-22-000036,2021-12-31,2022-01-27,2021,nflx-20211231.htm,https://www.sec.gov/Archives/edgar/data/1065280/000106528022000036/nflx-20211231.htm,2022,True
NFLX,1065280,NETFLIX INC,10-K,0001065280-21-000040,2020-12-31,2021-01-28,2020,nflx-20201231.htm,https://www.sec.gov/Archives/edgar/data/1065280/000106528021000040/nflx-20201231.htm,2021,True
NFLX,1065280,NETFLIX INC,10-K,0001065280-20-000040,2019-12-31,2020-01-29,2019,form10kq419.htm,https://www.sec.gov/Archives/edgar/data/1065280/000106528020000040/form10kq419.htm,2020,True
NFLX,1065280,NETFLIX INC,10-K,0001065280-19-000043,2018-12-31,2019-01-29,2018,form10k_q418.htm,https://www.sec.gov/Archives/edgar/data/1065280/000106528019000043/form10k_q418.htm,2019,True
NFLX,1065280,NETFLIX INC,10-K,0001065280-18-000069,2017-12-31,2018-01-29,2017,q4nflx201710k.htm,https://www.sec.gov/Archives/edgar/data/1065280/000106528018000069/q4nflx201710k.htm,2018,True
NFLX,1065280,NETFLIX INC,10-K,0001628280-17-000496,2016-12-31,2017-01-27,2016,nflx201610k.htm,https://www.sec.gov/Archives/edgar/data/1065280/000162828017000496/nflx201610k.htm,2017,True
NFLX,1065280,NETFLIX INC,10-K,0001065280-16-000047,2015-12-31,2016-01-28,2015,nflx201510k.htm,https://www.sec.gov/Archives/edgar/data/1065280/000106528016000047/nflx201510k.htm,2016,True
NFLX,1065280,NETFLIX INC,10-K,0001065280-15-000006,2014-12-31,2015-01-29,2014,nflx201410k.htm,https://www.sec.gov/Archives/edgar/data/1065280/000106528015000006/nflx201410k.htm,2015,True
NFLX,1065280,NETFLIX INC,10-K,0001065280-14-000006,2013-12-31,2014-02-03,2013,nflx10k2013.htm,https://www.sec.gov/Archives/edgar/data/1065280/000106528014000006/nflx10k2013.htm,2014,True
NFLX,1065280,NETFLIX INC,10-K,0001065280-13-000008,2012-12-31,2013-02-01,2012,nflx1231201210kdoc.htm,https://www.sec.gov/Archives/edgar/data/1065280/000106528013000008/nflx1231201210kdoc.htm,2013,True
NFLX,1065280,NETFLIX INC,10-K,0001193125-12-053009,2011-12-31,2012-02-10,2011,d260328d10k.htm,https://www.sec.gov/Archives/edgar/data/1065280/000119312512053009/d260328d10k.htm,2012,True
NFLX,1065280,NETFLIX INC,10-K,0001193125-11-040217,2010-12-31,2011-02-18,2010,d10k.htm,https://www.sec.gov/Archives/edgar/data/1065280/000119312511040217/d10k.htm,2011,True
NFLX,1065280,NETFLIX INC,10-K,0001193125-10-036181,2009-12-31,2010-02-22,2009,d10k.htm,https://www.sec.gov/Archives/edgar/data/1065280/000119312510036181/d10k.htm,2010,True
NFLX,1065280,NETFLIX INC,10-K,0001193125-09-037430,2008-12-31,2009-02-25,2008,d10k.htm,https://www.sec.gov/Archives/edgar/data/1065280/000119312509037430/d10k.htm,2009,True
NFLX,1065280,NETFLIX INC,10-K,0001193125-08-040378,2007-12-31,2008-02-28,2007,d10k.htm,https://www.sec.gov/Archives/edgar/data/1065280/000119312508040378/d10k.htm,2008,True
NFLX,1065280,NETFLIX INC,10-K,0001193125-07-042689,2006-12-31,2007-02-28,2006,d10k.htm,https://www.sec.gov/Archives/edgar/data/1065280/000119312507042689/d10k.htm,2007,True
NFLX,1065280,NETFLIX INC,10-K,0001193125-06-056663,2005-12-31,2006-03-16,2005,d10k.htm,https://www.sec.gov/Archives/edgar/data/1065280/000119312506056663/d10k.htm,2006,True
NFLX,1065280,NETFLIX INC,10-K,0001193125-05-051159,2004-12-31,2005-03-15,2004,d10k.htm,https://www.sec.gov/Archives/edgar/data/1065280/000119312505051159/d10k.htm,2005,True
NFLX,1065280,NETFLIX INC,10-K,0001193125-04-031416,2003-12-31,2004-02-27,2003,d10k.htm,https://www.sec.gov/Archives/edgar/data/1065280/000119312504031416/d10k.htm,2004,True
NFLX,1065280,NETFLIX INC,10-K,0000950168-03-001155,2002-12-31,2003-03-31,2002,d10k.htm,https://www.sec.gov/Archives/edgar/data/1065280/000095016803001155/d10k.htm,2003,True
