ticker,fiscal_year,accession,period_end,filing_date,concept_group,found,matched_concept,value_usd,scale,sign,unit_ref,decimals,context_id,context_period,raw_text
AAPL,2024,0000320193-24-000123,2024-09-28,2024-11-01,Revenue,True,RevenueFromContractWithCustomerExcludingAssessedTax,391035000000.0,6,,usd,-6,c-1,2023-10-01..2024-09-28 (363d),"391,035"
AAPL,2024,0000320193-24-000123,2024-09-28,2024-11-01,NetIncomeLoss,True,NetIncomeLoss,93736000000.0,6,,usd,-6,c-1,2023-10-01..2024-09-28 (363d),"93,736"
AAPL,2024,0000320193-24-000123,2024-09-28,2024-11-01,OperatingIncomeLoss,True,OperatingIncomeLoss,123216000000.0,6,,usd,-6,c-1,2023-10-01..2024-09-28 (363d),"123,216"
AAPL,2024,0000320193-24-000123,2024-09-28,2024-11-01,GrossProfit,True,GrossProfit,180683000000.0,6,,usd,-6,c-1,2023-10-01..2024-09-28 (363d),"180,683"
AAPL,2024,0000320193-24-000123,2024-09-28,2024-11-01,ResearchAndDevelopmentExpense,True,ResearchAndDevelopmentExpense,31370000000.0,6,,usd,-6,c-1,2023-10-01..2024-09-28 (363d),"31,370"
AAPL,2024,0000320193-24-000123,2024-09-28,2024-11-01,Assets,True,Assets,364980000000.0,6,,usd,-6,c-21,instant=2024-09-28,"364,980"
AAPL,2024,0000320193-24-000123,2024-09-28,2024-11-01,Liabilities,True,Liabilities,308030000000.0,6,,usd,-6,c-21,instant=2024-09-28,"308,030"
AAPL,2024,0000320193-24-000123,2024-09-28,2024-11-01,StockholdersEquity,True,StockholdersEquity,56950000000.0,6,,usd,-6,c-21,instant=2024-09-28,"56,950"
AAPL,2024,0000320193-24-000123,2024-09-28,2024-11-01,CashAndCashEquivalentsAtCarryingValue,True,CashAndCashEquivalentsAtCarryingValue,29943000000.0,6,,usd,-6,c-21,instant=2024-09-28,"29,943"
AAPL,2024,0000320193-24-000123,2024-09-28,2024-11-01,NetCashProvidedByUsedInOperatingActivities,True,NetCashProvidedByUsedInOperatingActivities,118254000000.0,6,,usd,-6,c-1,2023-10-01..2024-09-28 (363d),"118,254"
AAPL,2024,0000320193-24-000123,2024-09-28,2024-11-01,PaymentsToAcquirePropertyPlantAndEquipment,True,PaymentsToAcquirePropertyPlantAndEquipment,9447000000.0,6,,usd,-6,c-1,2023-10-01..2024-09-28 (363d),"9,447"
AAPL,2024,0000320193-24-000123,2024-09-28,2024-11-01,EarningsPerShareDiluted,True,EarningsPerShareDiluted,6.08,0,,usdPerShare,2,c-1,2023-10-01..2024-09-28 (363d),6.08
MSFT,2024,0000950170-24-087843,2024-06-30,2024-07-30,Revenue,True,RevenueFromContractWithCustomerExcludingAssessedTax,245122000000.0,6,,U_USD,-6,C_6dbdb3a2-9baf-41b4-922d-f59879124337,2023-07-01..2024-06-30 (365d),"245,122"
MSFT,2024,0000950170-24-087843,2024-06-30,2024-07-30,NetIncomeLoss,True,NetIncomeLoss,88136000000.0,6,,U_USD,-6,C_6dbdb3a2-9baf-41b4-922d-f59879124337,2023-07-01..2024-06-30 (365d),"88,136"
MSFT,2024,0000950170-24-087843,2024-06-30,2024-07-30,OperatingIncomeLoss,True,OperatingIncomeLoss,109433000000.0,6,,U_USD,-6,C_6dbdb3a2-9baf-41b4-922d-f59879124337,2023-07-01..2024-06-30 (365d),"109,433"
MSFT,2024,0000950170-24-087843,2024-06-30,2024-07-30,GrossProfit,True,GrossProfit,171008000000.0,6,,U_USD,-6,C_6dbdb3a2-9baf-41b4-922d-f59879124337,2023-07-01..2024-06-30 (365d),"171,008"
MSFT,2024,0000950170-24-087843,2024-06-30,2024-07-30,ResearchAndDevelopmentExpense,True,ResearchAndDevelopmentExpense,29510000000.0,6,,U_USD,-6,C_6dbdb3a2-9baf-41b4-922d-f59879124337,2023-07-01..2024-06-30 (365d),"29,510"
MSFT,2024,0000950170-24-087843,2024-06-30,2024-07-30,Assets,True,Assets,512163000000.0,6,,U_USD,-6,C_910b395a-5d62-4894-aa42-1da4086261cc,instant=2024-06-30,"512,163"
MSFT,2024,0000950170-24-087843,2024-06-30,2024-07-30,Liabilities,True,Liabilities,243686000000.0,6,,U_USD,-6,C_910b395a-5d62-4894-aa42-1da4086261cc,instant=2024-06-30,"243,686"
MSFT,2024,0000950170-24-087843,2024-06-30,2024-07-30,StockholdersEquity,True,StockholdersEquity,268477000000.0,6,,U_USD,-6,C_910b395a-5d62-4894-aa42-1da4086261cc,instant=2024-06-30,"268,477"
MSFT,2024,0000950170-24-087843,2024-06-30,2024-07-30,CashAndCashEquivalentsAtCarryingValue,True,CashAndCashEquivalentsAtCarryingValue,18315000000.0,6,,U_USD,-6,C_910b395a-5d62-4894-aa42-1da4086261cc,instant=2024-06-30,"18,315"
MSFT,2024,0000950170-24-087843,2024-06-30,2024-07-30,NetCashProvidedByUsedInOperatingActivities,True,NetCashProvidedByUsedInOperatingActivities,118548000000.0,6,,U_USD,-6,C_6dbdb3a2-9baf-41b4-922d-f59879124337,2023-07-01..2024-06-30 (365d),"118,548"
MSFT,2024,0000950170-24-087843,2024-06-30,2024-07-30,PaymentsToAcquirePropertyPlantAndEquipment,True,PaymentsToAcquirePropertyPlantAndEquipment,44477000000.0,6,,U_USD,-6,C_6dbdb3a2-9baf-41b4-922d-f59879124337,2023-07-01..2024-06-30 (365d),"44,477"
MSFT,2024,0000950170-24-087843,2024-06-30,2024-07-30,EarningsPerShareDiluted,True,EarningsPerShareDiluted,11.8,0,,U_UnitedStatesOfAmericaDollarsShare,2,C_6dbdb3a2-9baf-41b4-922d-f59879124337,2023-07-01..2024-06-30 (365d),11.80
GOOGL,2024,0001652044-25-000014,2024-12-31,2025-02-05,Revenue,True,RevenueFromContractWithCustomerExcludingAssessedTax,350018000000.0,6,,usd,-6,c-1,2024-01-01..2024-12-31 (365d),"350,018"
GOOGL,2024,0001652044-25-000014,2024-12-31,2025-02-05,NetIncomeLoss,True,NetIncomeLoss,100118000000.0,6,,usd,-6,c-1,2024-01-01..2024-12-31 (365d),"100,118"
GOOGL,2024,0001652044-25-000014,2024-12-31,2025-02-05,OperatingIncomeLoss,True,OperatingIncomeLoss,112390000000.0,6,,usd,-6,c-1,2024-01-01..2024-12-31 (365d),"112,390"
GOOGL,2024,0001652044-25-000014,2024-12-31,2025-02-05,GrossProfit,False,,,,,,,,,
GOOGL,2024,0001652044-25-000014,2024-12-31,2025-02-05,ResearchAndDevelopmentExpense,True,ResearchAndDevelopmentExpense,49326000000.0,6,,usd,-6,c-1,2024-01-01..2024-12-31 (365d),"49,326"
GOOGL,2024,0001652044-25-000014,2024-12-31,2025-02-05,Assets,True,Assets,450256000000.0,6,,usd,-6,c-9,instant=2024-12-31,"450,256"
GOOGL,2024,0001652044-25-000014,2024-12-31,2025-02-05,Liabilities,True,Liabilities,125172000000.0,6,,usd,-6,c-9,instant=2024-12-31,"125,172"
GOOGL,2024,0001652044-25-000014,2024-12-31,2025-02-05,StockholdersEquity,True,StockholdersEquity,325084000000.0,6,,usd,-6,c-9,instant=2024-12-31,"325,084"
GOOGL,2024,0001652044-25-000014,2024-12-31,2025-02-05,CashAndCashEquivalentsAtCarryingValue,True,CashAndCashEquivalentsAtCarryingValue,23466000000.0,6,,usd,-6,c-9,instant=2024-12-31,"23,466"
GOOGL,2024,0001652044-25-000014,2024-12-31,2025-02-05,NetCashProvidedByUsedInOperatingActivities,True,NetCashProvidedByUsedInOperatingActivities,125299000000.0,6,,usd,-6,c-1,2024-01-01..2024-12-31 (365d),"125,299"
GOOGL,2024,0001652044-25-000014,2024-12-31,2025-02-05,PaymentsToAcquirePropertyPlantAndEquipment,True,PaymentsToAcquirePropertyPlantAndEquipment,52535000000.0,6,,usd,-6,c-1,2024-01-01..2024-12-31 (365d),"52,535"
GOOGL,2024,0001652044-25-000014,2024-12-31,2025-02-05,EarningsPerShareDiluted,True,EarningsPerShareDiluted,8.04,0,,usdPerShare,2,c-1,2024-01-01..2024-12-31 (365d),8.04
GOOGL,2023,0001652044-24-000022,2023-12-31,2024-01-31,Revenue,True,RevenueFromContractWithCustomerExcludingAssessedTax,307394000000.0,6,,usd,-6,c-1,2023-01-01..2023-12-31 (364d),"307,394"
GOOGL,2023,0001652044-24-000022,2023-12-31,2024-01-31,NetIncomeLoss,True,NetIncomeLoss,73795000000.0,6,,usd,-6,c-1,2023-01-01..2023-12-31 (364d),"73,795"
GOOGL,2023,0001652044-24-000022,2023-12-31,2024-01-31,OperatingIncomeLoss,True,OperatingIncomeLoss,84293000000.0,6,,usd,-6,c-1,2023-01-01..2023-12-31 (364d),"84,293"
GOOGL,2023,0001652044-24-000022,2023-12-31,2024-01-31,GrossProfit,False,,,,,,,,,
GOOGL,2023,0001652044-24-000022,2023-12-31,2024-01-31,ResearchAndDevelopmentExpense,True,ResearchAndDevelopmentExpense,45427000000.0,6,,usd,-6,c-1,2023-01-01..2023-12-31 (364d),"45,427"
GOOGL,2023,0001652044-24-000022,2023-12-31,2024-01-31,Assets,True,Assets,402392000000.0,6,,usd,-6,c-9,instant=2023-12-31,"402,392"
GOOGL,2023,0001652044-24-000022,2023-12-31,2024-01-31,Liabilities,True,Liabilities,119013000000.0,6,,usd,-6,c-9,instant=2023-12-31,"119,013"
GOOGL,2023,0001652044-24-000022,2023-12-31,2024-01-31,StockholdersEquity,True,StockholdersEquity,283379000000.0,6,,usd,-6,c-9,instant=2023-12-31,"283,379"
GOOGL,2023,0001652044-24-000022,2023-12-31,2024-01-31,CashAndCashEquivalentsAtCarryingValue,True,CashAndCashEquivalentsAtCarryingValue,24048000000.0,6,,usd,-6,c-9,instant=2023-12-31,"24,048"
GOOGL,2023,0001652044-24-000022,2023-12-31,2024-01-31,NetCashProvidedByUsedInOperatingActivities,True,NetCashProvidedByUsedInOperatingActivities,101746000000.0,6,,usd,-6,c-1,2023-01-01..2023-12-31 (364d),"101,746"
GOOGL,2023,0001652044-24-000022,2023-12-31,2024-01-31,PaymentsToAcquirePropertyPlantAndEquipment,True,PaymentsToAcquirePropertyPlantAndEquipment,32251000000.0,6,,usd,-6,c-1,2023-01-01..2023-12-31 (364d),"32,251"
GOOGL,2023,0001652044-24-000022,2023-12-31,2024-01-31,EarningsPerShareDiluted,True,EarningsPerShareDiluted,5.8,0,,usdPerShare,2,c-1,2023-01-01..2023-12-31 (364d),5.80
AMZN,2023,0001018724-24-000008,2023-12-31,2024-02-02,Revenue,True,RevenueFromContractWithCustomerExcludingAssessedTax,574785000000.0,6,,usd,-6,c-1,2023-01-01..2023-12-31 (364d),"574,785"
AMZN,2023,0001018724-24-000008,2023-12-31,2024-02-02,NetIncomeLoss,True,NetIncomeLoss,30425000000.0,6,,usd,-6,c-1,2023-01-01..2023-12-31 (364d),"30,425"
AMZN,2023,0001018724-24-000008,2023-12-31,2024-02-02,OperatingIncomeLoss,True,OperatingIncomeLoss,36852000000.0,6,,usd,-6,c-1,2023-01-01..2023-12-31 (364d),"36,852"
AMZN,2023,0001018724-24-000008,2023-12-31,2024-02-02,GrossProfit,False,,,,,,,,,
AMZN,2023,0001018724-24-000008,2023-12-31,2024-02-02,ResearchAndDevelopmentExpense,False,,,,,,,,,
AMZN,2023,0001018724-24-000008,2023-12-31,2024-02-02,Assets,True,Assets,527854000000.0,6,,usd,-6,c-9,instant=2023-12-31,"527,854"
AMZN,2023,0001018724-24-000008,2023-12-31,2024-02-02,Liabilities,False,,,,,,,,,
AMZN,2023,0001018724-24-000008,2023-12-31,2024-02-02,StockholdersEquity,True,StockholdersEquity,201875000000.0,6,,usd,-6,c-9,instant=2023-12-31,"201,875"
AMZN,2023,0001018724-24-000008,2023-12-31,2024-02-02,CashAndCashEquivalentsAtCarryingValue,True,CashAndCashEquivalentsAtCarryingValue,73387000000.0,6,,usd,-6,c-9,instant=2023-12-31,"73,387"
AMZN,2023,0001018724-24-000008,2023-12-31,2024-02-02,NetCashProvidedByUsedInOperatingActivities,True,NetCashProvidedByUsedInOperatingActivities,84946000000.0,6,,usd,-6,c-1,2023-01-01..2023-12-31 (364d),"84,946"
AMZN,2023,0001018724-24-000008,2023-12-31,2024-02-02,PaymentsToAcquirePropertyPlantAndEquipment,False,,,,,,,,,
AMZN,2023,0001018724-24-000008,2023-12-31,2024-02-02,EarningsPerShareDiluted,True,EarningsPerShareDiluted,2.9,0,,usdPerShare,2,c-1,2023-01-01..2023-12-31 (364d),2.90
JPM,2024,0000019617-25-000270,2024-12-31,2025-02-14,Revenue,True,Revenues,177556000000.0,6,,usd,-6,c-1,2024-01-01..2024-12-31 (365d),"177,556"
JPM,2024,0000019617-25-000270,2024-12-31,2025-02-14,NetIncomeLoss,True,NetIncomeLoss,58471000000.0,6,,usd,-6,c-1,2024-01-01..2024-12-31 (365d),"58,471"
JPM,2024,0000019617-25-000270,2024-12-31,2025-02-14,OperatingIncomeLoss,False,,,,,,,,,
JPM,2024,0000019617-25-000270,2024-12-31,2025-02-14,GrossProfit,False,,,,,,,,,
JPM,2024,0000019617-25-000270,2024-12-31,2025-02-14,ResearchAndDevelopmentExpense,False,,,,,,,,,
JPM,2024,0000019617-25-000270,2024-12-31,2025-02-14,Assets,True,Assets,4002814000000.0,6,,usd,-6,c-26,instant=2024-12-31,"4,002,814"
JPM,2024,0000019617-25-000270,2024-12-31,2025-02-14,Liabilities,True,Liabilities,3658056000000.0,6,,usd,-6,c-26,instant=2024-12-31,"3,658,056"
JPM,2024,0000019617-25-000270,2024-12-31,2025-02-14,StockholdersEquity,True,StockholdersEquity,344758000000.0,6,,usd,-6,c-26,instant=2024-12-31,"344,758"
JPM,2024,0000019617-25-000270,2024-12-31,2025-02-14,CashAndCashEquivalentsAtCarryingValue,False,,,,,,,,,
JPM,2024,0000019617-25-000270,2024-12-31,2025-02-14,NetCashProvidedByUsedInOperatingActivities,True,NetCashProvidedByUsedInOperatingActivities,-42012000000.0,6,-,usd,-6,c-1,2024-01-01..2024-12-31 (365d),"42,012"
JPM,2024,0000019617-25-000270,2024-12-31,2025-02-14,PaymentsToAcquirePropertyPlantAndEquipment,False,,,,,,,,,
JPM,2024,0000019617-25-000270,2024-12-31,2025-02-14,EarningsPerShareDiluted,True,EarningsPerShareDiluted,19.75,0,,usdPerShare,2,c-1,2024-01-01..2024-12-31 (365d),19.75
BAC,2024,0000070858-25-000139,2024-12-31,2025-02-25,Revenue,True,Revenues,101887000000.0,6,,usd,-6,c-1,2024-01-01..2024-12-31 (365d),"101,887"
BAC,2024,0000070858-25-000139,2024-12-31,2025-02-25,NetIncomeLoss,True,NetIncomeLoss,27132000000.0,6,,usd,-6,c-1,2024-01-01..2024-12-31 (365d),"27,132"
BAC,2024,0000070858-25-000139,2024-12-31,2025-02-25,OperatingIncomeLoss,False,,,,,,,,,
BAC,2024,0000070858-25-000139,2024-12-31,2025-02-25,GrossProfit,False,,,,,,,,,
BAC,2024,0000070858-25-000139,2024-12-31,2025-02-25,ResearchAndDevelopmentExpense,False,,,,,,,,,
BAC,2024,0000070858-25-000139,2024-12-31,2025-02-25,Assets,True,Assets,3261519000000.0,6,,usd,-6,c-25,instant=2024-12-31,"3,261,519"
BAC,2024,0000070858-25-000139,2024-12-31,2025-02-25,Liabilities,True,Liabilities,2965960000000.0,6,,usd,-6,c-25,instant=2024-12-31,"2,965,960"
BAC,2024,0000070858-25-000139,2024-12-31,2025-02-25,StockholdersEquity,True,StockholdersEquity,295559000000.0,6,,usd,-6,c-25,instant=2024-12-31,"295,559"
BAC,2024,0000070858-25-000139,2024-12-31,2025-02-25,CashAndCashEquivalentsAtCarryingValue,False,,,,,,,,,
BAC,2024,0000070858-25-000139,2024-12-31,2025-02-25,NetCashProvidedByUsedInOperatingActivities,True,NetCashProvidedByUsedInOperatingActivities,-8805000000.0,6,-,usd,-6,c-1,2024-01-01..2024-12-31 (365d),"8,805"
BAC,2024,0000070858-25-000139,2024-12-31,2025-02-25,PaymentsToAcquirePropertyPlantAndEquipment,False,,,,,,,,,
BAC,2024,0000070858-25-000139,2024-12-31,2025-02-25,EarningsPerShareDiluted,True,EarningsPerShareDiluted,3.21,0,,usdPerShare,2,c-1,2024-01-01..2024-12-31 (365d),3.21
WFC,2024,0000072971-25-000066,2024-12-31,2025-02-25,Revenue,True,RevenuesNetOfInterestExpense,82296000000.0,6,,usd,-6,c-1,2024-01-01..2024-12-31 (365d),"82,296"
WFC,2024,0000072971-25-000066,2024-12-31,2025-02-25,NetIncomeLoss,True,NetIncomeLoss,19722000000.0,6,,usd,-6,c-1,2024-01-01..2024-12-31 (365d),"19,722"
WFC,2024,0000072971-25-000066,2024-12-31,2025-02-25,OperatingIncomeLoss,False,,,,,,,,,
WFC,2024,0000072971-25-000066,2024-12-31,2025-02-25,GrossProfit,False,,,,,,,,,
WFC,2024,0000072971-25-000066,2024-12-31,2025-02-25,ResearchAndDevelopmentExpense,False,,,,,,,,,
WFC,2024,0000072971-25-000066,2024-12-31,2025-02-25,Assets,True,Assets,1929845000000.0,6,,usd,-6,c-24,instant=2024-12-31,"1,929,845"
WFC,2024,0000072971-25-000066,2024-12-31,2025-02-25,Liabilities,True,Liabilities,1748779000000.0,6,,usd,-6,c-24,instant=2024-12-31,"1,748,779"
WFC,2024,0000072971-25-000066,2024-12-31,2025-02-25,StockholdersEquity,True,StockholdersEquity,179120000000.0,6,,usd,-6,c-24,instant=2024-12-31,"179,120"
WFC,2024,0000072971-25-000066,2024-12-31,2025-02-25,CashAndCashEquivalentsAtCarryingValue,False,,,,,,,,,
WFC,2024,0000072971-25-000066,2024-12-31,2025-02-25,NetCashProvidedByUsedInOperatingActivities,True,NetCashProvidedByUsedInOperatingActivities,3035000000.0,6,,usd,-6,c-1,2024-01-01..2024-12-31 (365d),"3,035"
WFC,2024,0000072971-25-000066,2024-12-31,2025-02-25,PaymentsToAcquirePropertyPlantAndEquipment,False,,,,,,,,,
WFC,2024,0000072971-25-000066,2024-12-31,2025-02-25,EarningsPerShareDiluted,True,EarningsPerShareDiluted,5.37,0,,usdPerShare,2,c-1,2024-01-01..2024-12-31 (365d),5.37
BLK,2024,0000950170-25-026584,2024-12-31,2025-02-25,Revenue,True,Revenues,12794000000.0,6,,U_USD,-6,C_a6388fb8-547d-4c04-ae4c-366698753501,2024-01-01..2024-12-31 (365d),"12,794"
BLK,2024,0000950170-25-026584,2024-12-31,2025-02-25,NetIncomeLoss,True,NetIncomeLoss,6369000000.0,6,,U_USD,-6,C_a6388fb8-547d-4c04-ae4c-366698753501,2024-01-01..2024-12-31 (365d),"6,369"
BLK,2024,0000950170-25-026584,2024-12-31,2025-02-25,OperatingIncomeLoss,True,OperatingIncomeLoss,7574000000.0,6,,U_USD,-6,C_a6388fb8-547d-4c04-ae4c-366698753501,2024-01-01..2024-12-31 (365d),"7,574"
BLK,2024,0000950170-25-026584,2024-12-31,2025-02-25,GrossProfit,False,,,,,,,,,
BLK,2024,0000950170-25-026584,2024-12-31,2025-02-25,ResearchAndDevelopmentExpense,False,,,,,,,,,
BLK,2024,0000950170-25-026584,2024-12-31,2025-02-25,Assets,True,Assets,138615000000.0,6,,U_USD,-6,C_28aa27e6-7fd0-4ecb-bea5-93da8a438841,instant=2024-12-31,"138,615"
BLK,2024,0000950170-25-026584,2024-12-31,2025-02-25,Liabilities,True,Liabilities,89260000000.0,6,,U_USD,-6,C_28aa27e6-7fd0-4ecb-bea5-93da8a438841,instant=2024-12-31,"89,260"
BLK,2024,0000950170-25-026584,2024-12-31,2025-02-25,StockholdersEquity,True,StockholdersEquity,47495000000.0,6,,U_USD,-6,C_28aa27e6-7fd0-4ecb-bea5-93da8a438841,instant=2024-12-31,"47,495"
BLK,2024,0000950170-25-026584,2024-12-31,2025-02-25,CashAndCashEquivalentsAtCarryingValue,True,CashAndCashEquivalentsAtCarryingValue,12762000000.0,6,,U_USD,-6,C_28aa27e6-7fd0-4ecb-bea5-93da8a438841,instant=2024-12-31,"12,762"
BLK,2024,0000950170-25-026584,2024-12-31,2025-02-25,NetCashProvidedByUsedInOperatingActivities,True,NetCashProvidedByUsedInOperatingActivities,4956000000.0,6,,U_USD,-6,C_a6388fb8-547d-4c04-ae4c-366698753501,2024-01-01..2024-12-31 (365d),"4,956"
BLK,2024,0000950170-25-026584,2024-12-31,2025-02-25,PaymentsToAcquirePropertyPlantAndEquipment,True,PaymentsToAcquirePropertyPlantAndEquipment,255000000.0,6,,U_USD,-6,C_a6388fb8-547d-4c04-ae4c-366698753501,2024-01-01..2024-12-31 (365d),255
BLK,2024,0000950170-25-026584,2024-12-31,2025-02-25,EarningsPerShareDiluted,True,EarningsPerShareDiluted,42.01,0,,U_UnitedStatesOfAmericaDollarsShare,2,C_a6388fb8-547d-4c04-ae4c-366698753501,2024-01-01..2024-12-31 (365d),42.01
GS,2024,0000886982-25-000005,2024-12-31,2025-02-27,Revenue,True,RevenuesNetOfInterestExpense,53512000000.0,6,,usd,-6,c-1,2024-01-01..2024-12-31 (365d),"53,512"
GS,2024,0000886982-25-000005,2024-12-31,2025-02-27,NetIncomeLoss,True,NetIncomeLoss,14276000000.0,6,,usd,-6,c-1,2024-01-01..2024-12-31 (365d),"14,276"
GS,2024,0000886982-25-000005,2024-12-31,2025-02-27,OperatingIncomeLoss,False,,,,,,,,,
GS,2024,0000886982-25-000005,2024-12-31,2025-02-27,GrossProfit,False,,,,,,,,,
GS,2024,0000886982-25-000005,2024-12-31,2025-02-27,ResearchAndDevelopmentExpense,False,,,,,,,,,
GS,2024,0000886982-25-000005,2024-12-31,2025-02-27,Assets,True,Assets,1675972000000.0,6,,usd,-6,c-14,instant=2024-12-31,"1,675,972"
GS,2024,0000886982-25-000005,2024-12-31,2025-02-27,Liabilities,True,Liabilities,1553976000000.0,6,,usd,-6,c-14,instant=2024-12-31,"1,553,976"
GS,2024,0000886982-25-000005,2024-12-31,2025-02-27,StockholdersEquity,True,StockholdersEquity,121996000000.0,6,,usd,-6,c-14,instant=2024-12-31,"121,996"
GS,2024,0000886982-25-000005,2024-12-31,2025-02-27,CashAndCashEquivalentsAtCarryingValue,True,CashAndCashEquivalentsAtCarryingValue,182092000000.0,6,,usd,-6,c-14,instant=2024-12-31,"182,092"
GS,2024,0000886982-25-000005,2024-12-31,2025-02-27,NetCashProvidedByUsedInOperatingActivities,True,NetCashProvidedByUsedInOperatingActivities,-13212000000.0,6,-,usd,-6,c-1,2024-01-01..2024-12-31 (365d),"13,212"
GS,2024,0000886982-25-000005,2024-12-31,2025-02-27,PaymentsToAcquirePropertyPlantAndEquipment,True,PaymentsToAcquirePropertyPlantAndEquipment,2091000000.0,6,,usd,-6,c-1,2024-01-01..2024-12-31 (365d),"2,091"
GS,2024,0000886982-25-000005,2024-12-31,2025-02-27,EarningsPerShareDiluted,True,EarningsPerShareDiluted,40.54,0,,usdPerShare,2,c-1,2024-01-01..2024-12-31 (365d),40.54
NFLX,2024,0001065280-25-000044,2024-12-31,2025-01-27,Revenue,True,Revenues,39000966000.0,3,,usd,-3,c-1,2024-01-01..2024-12-31 (365d),"39,000,966"
NFLX,2024,0001065280-25-000044,2024-12-31,2025-01-27,NetIncomeLoss,True,NetIncomeLoss,8711631000.0,3,,usd,-3,c-1,2024-01-01..2024-12-31 (365d),"8,711,631"
NFLX,2024,0001065280-25-000044,2024-12-31,2025-01-27,OperatingIncomeLoss,True,OperatingIncomeLoss,10417614000.0,3,,usd,-3,c-1,2024-01-01..2024-12-31 (365d),"10,417,614"
NFLX,2024,0001065280-25-000044,2024-12-31,2025-01-27,GrossProfit,False,,,,,,,,,
NFLX,2024,0001065280-25-000044,2024-12-31,2025-01-27,ResearchAndDevelopmentExpense,True,ResearchAndDevelopmentExpense,2925295000.0,3,,usd,-3,c-1,2024-01-01..2024-12-31 (365d),"2,925,295"
NFLX,2024,0001065280-25-000044,2024-12-31,2025-01-27,Assets,True,Assets,53630374000.0,3,,usd,-3,c-3,instant=2024-12-31,"53,630,374"
NFLX,2024,0001065280-25-000044,2024-12-31,2025-01-27,Liabilities,True,Liabilities,28886807000.0,3,,usd,-3,c-3,instant=2024-12-31,"28,886,807"
NFLX,2024,0001065280-25-000044,2024-12-31,2025-01-27,StockholdersEquity,True,StockholdersEquity,24743567000.0,3,,usd,-3,c-3,instant=2024-12-31,"24,743,567"
NFLX,2024,0001065280-25-000044,2024-12-31,2025-01-27,CashAndCashEquivalentsAtCarryingValue,True,CashAndCashEquivalentsAtCarryingValue,7804733000.0,3,,usd,-3,c-3,instant=2024-12-31,"7,804,733"
NFLX,2024,0001065280-25-000044,2024-12-31,2025-01-27,NetCashProvidedByUsedInOperatingActivities,True,NetCashProvidedByUsedInOperatingActivities,7361364000.0,3,,usd,-3,c-1,2024-01-01..2024-12-31 (365d),"7,361,364"
NFLX,2024,0001065280-25-000044,2024-12-31,2025-01-27,PaymentsToAcquirePropertyPlantAndEquipment,True,PaymentsToAcquirePropertyPlantAndEquipment,439538000.0,3,,usd,-3,c-1,2024-01-01..2024-12-31 (365d),"439,538"
NFLX,2024,0001065280-25-000044,2024-12-31,2025-01-27,EarningsPerShareDiluted,True,EarningsPerShareDiluted,19.83,0,,usdPerShare,2,c-1,2024-01-01..2024-12-31 (365d),19.83
