ticker,fiscal_year,accession,concept_group,matched_concept,our_value_usd,companyfacts_value,companyfacts_unit,match_method,abs_diff,status,our_scale,our_context
AAPL,2024,0000320193-24-000123,Revenue,RevenueFromContractWithCustomerExcludingAssessedTax,391035000000.0,391035000000,USD,accn+period,0.0,MATCH,6,c-1
AAPL,2024,0000320193-24-000123,NetIncomeLoss,NetIncomeLoss,93736000000.0,93736000000,USD,accn+period,0.0,MATCH,6,c-1
AAPL,2024,0000320193-24-000123,OperatingIncomeLoss,OperatingIncomeLoss,123216000000.0,123216000000,USD,accn+period,0.0,MATCH,6,c-1
AAPL,2024,0000320193-24-000123,GrossProfit,GrossProfit,180683000000.0,180683000000,USD,accn+period,0.0,MATCH,6,c-1
AAPL,2024,0000320193-24-000123,ResearchAndDevelopmentExpense,ResearchAndDevelopmentExpense,31370000000.0,31370000000,USD,accn+period,0.0,MATCH,6,c-1
AAPL,2024,0000320193-24-000123,Assets,Assets,364980000000.0,364980000000,USD,accn+period,0.0,MATCH,6,c-21
AAPL,2024,0000320193-24-000123,Liabilities,Liabilities,308030000000.0,308030000000,USD,accn+period,0.0,MATCH,6,c-21
AAPL,2024,0000320193-24-000123,StockholdersEquity,StockholdersEquity,56950000000.0,56950000000,USD,accn+period,0.0,MATCH,6,c-21
AAPL,2024,0000320193-24-000123,CashAndCashEquivalentsAtCarryingValue,CashAndCashEquivalentsAtCarryingValue,29943000000.0,29943000000,USD,accn+period,0.0,MATCH,6,c-21
AAPL,2024,0000320193-24-000123,NetCashProvidedByUsedInOperatingActivities,NetCashProvidedByUsedInOperatingActivities,118254000000.0,118254000000,USD,accn+period,0.0,MATCH,6,c-1
AAPL,2024,0000320193-24-000123,PaymentsToAcquirePropertyPlantAndEquipment,PaymentsToAcquirePropertyPlantAndEquipment,9447000000.0,9447000000,USD,accn+period,0.0,MATCH,6,c-1
AAPL,2024,0000320193-24-000123,EarningsPerShareDiluted,EarningsPerShareDiluted,6.08,6.08,USD/shares,accn+period,0.0,MATCH,0,c-1
MSFT,2024,0000950170-24-087843,Revenue,RevenueFromContractWithCustomerExcludingAssessedTax,245122000000.0,245122000000,USD,accn+period,0.0,MATCH,6,C_6dbdb3a2-9baf-41b4-922d-f59879124337
MSFT,2024,0000950170-24-087843,NetIncomeLoss,NetIncomeLoss,88136000000.0,88136000000,USD,accn+period,0.0,MATCH,6,C_6dbdb3a2-9baf-41b4-922d-f59879124337
MSFT,2024,0000950170-24-087843,OperatingIncomeLoss,OperatingIncomeLoss,109433000000.0,109433000000,USD,accn+period,0.0,MATCH,6,C_6dbdb3a2-9baf-41b4-922d-f59879124337
MSFT,2024,0000950170-24-087843,GrossProfit,GrossProfit,171008000000.0,171008000000,USD,accn+period,0.0,MATCH,6,C_6dbdb3a2-9baf-41b4-922d-f59879124337
MSFT,2024,0000950170-24-087843,ResearchAndDevelopmentExpense,ResearchAndDevelopmentExpense,29510000000.0,29510000000,USD,accn+period,0.0,MATCH,6,C_6dbdb3a2-9baf-41b4-922d-f59879124337
MSFT,2024,0000950170-24-087843,Assets,Assets,512163000000.0,512163000000,USD,accn+period,0.0,MATCH,6,C_910b395a-5d62-4894-aa42-1da4086261cc
MSFT,2024,0000950170-24-087843,Liabilities,Liabilities,243686000000.0,243686000000,USD,accn+period,0.0,MATCH,6,C_910b395a-5d62-4894-aa42-1da4086261cc
MSFT,2024,0000950170-24-087843,StockholdersEquity,StockholdersEquity,268477000000.0,268477000000,USD,accn+period,0.0,MATCH,6,C_910b395a-5d62-4894-aa42-1da4086261cc
MSFT,2024,0000950170-24-087843,CashAndCashEquivalentsAtCarryingValue,CashAndCashEquivalentsAtCarryingValue,18315000000.0,18315000000,USD,accn+period,0.0,MATCH,6,C_910b395a-5d62-4894-aa42-1da4086261cc
MSFT,2024,0000950170-24-087843,NetCashProvidedByUsedInOperatingActivities,NetCashProvidedByUsedInOperatingActivities,118548000000.0,118548000000,USD,accn+period,0.0,MATCH,6,C_6dbdb3a2-9baf-41b4-922d-f59879124337
MSFT,2024,0000950170-24-087843,PaymentsToAcquirePropertyPlantAndEquipment,PaymentsToAcquirePropertyPlantAndEquipment,44477000000.0,44477000000,USD,accn+period,0.0,MATCH,6,C_6dbdb3a2-9baf-41b4-922d-f59879124337
MSFT,2024,0000950170-24-087843,EarningsPerShareDiluted,EarningsPerShareDiluted,11.8,11.8,USD/shares,accn+period,0.0,MATCH,0,C_6dbdb3a2-9baf-41b4-922d-f59879124337
GOOGL,2024,0001652044-25-000014,Revenue,RevenueFromContractWithCustomerExcludingAssessedTax,350018000000.0,350018000000,USD,accn+period,0.0,MATCH,6,c-1
GOOGL,2024,0001652044-25-000014,NetIncomeLoss,NetIncomeLoss,100118000000.0,100118000000,USD,accn+period,0.0,MATCH,6,c-1
GOOGL,2024,0001652044-25-000014,OperatingIncomeLoss,OperatingIncomeLoss,112390000000.0,112390000000,USD,accn+period,0.0,MATCH,6,c-1
GOOGL,2024,0001652044-25-000014,ResearchAndDevelopmentExpense,ResearchAndDevelopmentExpense,49326000000.0,49326000000,USD,accn+period,0.0,MATCH,6,c-1
GOOGL,2024,0001652044-25-000014,Assets,Assets,450256000000.0,450256000000,USD,accn+period,0.0,MATCH,6,c-9
GOOGL,2024,0001652044-25-000014,Liabilities,Liabilities,125172000000.0,125172000000,USD,accn+period,0.0,MATCH,6,c-9
GOOGL,2024,0001652044-25-000014,StockholdersEquity,StockholdersEquity,325084000000.0,325084000000,USD,accn+period,0.0,MATCH,6,c-9
GOOGL,2024,0001652044-25-000014,CashAndCashEquivalentsAtCarryingValue,CashAndCashEquivalentsAtCarryingValue,23466000000.0,23466000000,USD,accn+period,0.0,MATCH,6,c-9
GOOGL,2024,0001652044-25-000014,NetCashProvidedByUsedInOperatingActivities,NetCashProvidedByUsedInOperatingActivities,125299000000.0,125299000000,USD,accn+period,0.0,MATCH,6,c-1
GOOGL,2024,0001652044-25-000014,PaymentsToAcquirePropertyPlantAndEquipment,PaymentsToAcquirePropertyPlantAndEquipment,52535000000.0,52535000000,USD,accn+period,0.0,MATCH,6,c-1
GOOGL,2024,0001652044-25-000014,EarningsPerShareDiluted,EarningsPerShareDiluted,8.04,8.04,USD/shares,accn+period,0.0,MATCH,0,c-1
GOOGL,2023,0001652044-24-000022,Revenue,RevenueFromContractWithCustomerExcludingAssessedTax,307394000000.0,307394000000,USD,accn+period,0.0,MATCH,6,c-1
GOOGL,2023,0001652044-24-000022,NetIncomeLoss,NetIncomeLoss,73795000000.0,73795000000,USD,accn+period,0.0,MATCH,6,c-1
GOOGL,2023,0001652044-24-000022,OperatingIncomeLoss,OperatingIncomeLoss,84293000000.0,84293000000,USD,accn+period,0.0,MATCH,6,c-1
GOOGL,2023,0001652044-24-000022,ResearchAndDevelopmentExpense,ResearchAndDevelopmentExpense,45427000000.0,45427000000,USD,accn+period,0.0,MATCH,6,c-1
GOOGL,2023,0001652044-24-000022,Assets,Assets,402392000000.0,402392000000,USD,accn+period,0.0,MATCH,6,c-9
GOOGL,2023,0001652044-24-000022,Liabilities,Liabilities,119013000000.0,119013000000,USD,accn+period,0.0,MATCH,6,c-9
GOOGL,2023,0001652044-24-000022,StockholdersEquity,StockholdersEquity,283379000000.0,283379000000,USD,accn+period,0.0,MATCH,6,c-9
GOOGL,2023,0001652044-24-000022,CashAndCashEquivalentsAtCarryingValue,CashAndCashEquivalentsAtCarryingValue,24048000000.0,24048000000,USD,accn+period,0.0,MATCH,6,c-9
GOOGL,2023,0001652044-24-000022,NetCashProvidedByUsedInOperatingActivities,NetCashProvidedByUsedInOperatingActivities,101746000000.0,101746000000,USD,accn+period,0.0,MATCH,6,c-1
GOOGL,2023,0001652044-24-000022,PaymentsToAcquirePropertyPlantAndEquipment,PaymentsToAcquirePropertyPlantAndEquipment,32251000000.0,32251000000,USD,accn+period,0.0,MATCH,6,c-1
GOOGL,2023,0001652044-24-000022,EarningsPerShareDiluted,EarningsPerShareDiluted,5.8,5.8,USD/shares,accn+period,0.0,MATCH,0,c-1
AMZN,2023,0001018724-24-000008,Revenue,RevenueFromContractWithCustomerExcludingAssessedTax,574785000000.0,574785000000,USD,accn+period,0.0,MATCH,6,c-1
AMZN,2023,0001018724-24-000008,NetIncomeLoss,NetIncomeLoss,30425000000.0,30425000000,USD,accn+period,0.0,MATCH,6,c-1
AMZN,2023,0001018724-24-000008,OperatingIncomeLoss,OperatingIncomeLoss,36852000000.0,36852000000,USD,accn+period,0.0,MATCH,6,c-1
AMZN,2023,0001018724-24-000008,Assets,Assets,527854000000.0,527854000000,USD,accn+period,0.0,MATCH,6,c-9
AMZN,2023,0001018724-24-000008,StockholdersEquity,StockholdersEquity,201875000000.0,201875000000,USD,accn+period,0.0,MATCH,6,c-9
AMZN,2023,0001018724-24-000008,CashAndCashEquivalentsAtCarryingValue,CashAndCashEquivalentsAtCarryingValue,73387000000.0,73387000000,USD,accn+period,0.0,MATCH,6,c-9
AMZN,2023,0001018724-24-000008,NetCashProvidedByUsedInOperatingActivities,NetCashProvidedByUsedInOperatingActivities,84946000000.0,84946000000,USD,accn+period,0.0,MATCH,6,c-1
AMZN,2023,0001018724-24-000008,EarningsPerShareDiluted,EarningsPerShareDiluted,2.9,2.9,USD/shares,accn+period,0.0,MATCH,0,c-1
JPM,2024,0000019617-25-000270,Revenue,Revenues,177556000000.0,177556000000,USD,accn+period,0.0,MATCH,6,c-1
JPM,2024,0000019617-25-000270,NetIncomeLoss,NetIncomeLoss,58471000000.0,58471000000,USD,accn+period,0.0,MATCH,6,c-1
JPM,2024,0000019617-25-000270,Assets,Assets,4002814000000.0,4002814000000,USD,accn+period,0.0,MATCH,6,c-26
JPM,2024,0000019617-25-000270,Liabilities,Liabilities,3658056000000.0,3658056000000,USD,accn+period,0.0,MATCH,6,c-26
JPM,2024,0000019617-25-000270,StockholdersEquity,StockholdersEquity,344758000000.0,344758000000,USD,accn+period,0.0,MATCH,6,c-26
JPM,2024,0000019617-25-000270,NetCashProvidedByUsedInOperatingActivities,NetCashProvidedByUsedInOperatingActivities,-42012000000.0,-42012000000,USD,accn+period,0.0,MATCH,6,c-1
JPM,2024,0000019617-25-000270,EarningsPerShareDiluted,EarningsPerShareDiluted,19.75,19.75,USD/shares,accn+period,0.0,MATCH,0,c-1
BAC,2024,0000070858-25-000139,Revenue,Revenues,101887000000.0,101887000000,USD,accn+period,0.0,MATCH,6,c-1
BAC,2024,0000070858-25-000139,NetIncomeLoss,NetIncomeLoss,27132000000.0,27132000000,USD,accn+period,0.0,MATCH,6,c-1
BAC,2024,0000070858-25-000139,Assets,Assets,3261519000000.0,3261519000000,USD,accn+period,0.0,MATCH,6,c-25
BAC,2024,0000070858-25-000139,Liabilities,Liabilities,2965960000000.0,2965960000000,USD,accn+period,0.0,MATCH,6,c-25
BAC,2024,0000070858-25-000139,StockholdersEquity,StockholdersEquity,295559000000.0,295559000000,USD,accn+period,0.0,MATCH,6,c-25
BAC,2024,0000070858-25-000139,NetCashProvidedByUsedInOperatingActivities,NetCashProvidedByUsedInOperatingActivities,-8805000000.0,-8805000000,USD,accn+period,0.0,MATCH,6,c-1
BAC,2024,0000070858-25-000139,EarningsPerShareDiluted,EarningsPerShareDiluted,3.21,3.21,USD/shares,accn+period,0.0,MATCH,0,c-1
WFC,2024,0000072971-25-000066,Revenue,RevenuesNetOfInterestExpense,82296000000.0,82296000000,USD,accn+period,0.0,MATCH,6,c-1
WFC,2024,0000072971-25-000066,NetIncomeLoss,NetIncomeLoss,19722000000.0,19722000000,USD,accn+period,0.0,MATCH,6,c-1
WFC,2024,0000072971-25-000066,Assets,Assets,1929845000000.0,1929845000000,USD,accn+period,0.0,MATCH,6,c-24
WFC,2024,0000072971-25-000066,Liabilities,Liabilities,1748779000000.0,1748779000000,USD,accn+period,0.0,MATCH,6,c-24
WFC,2024,0000072971-25-000066,StockholdersEquity,StockholdersEquity,179120000000.0,179120000000,USD,accn+period,0.0,MATCH,6,c-24
WFC,2024,0000072971-25-000066,NetCashProvidedByUsedInOperatingActivities,NetCashProvidedByUsedInOperatingActivities,3035000000.0,3035000000,USD,accn+period,0.0,MATCH,6,c-1
WFC,2024,0000072971-25-000066,EarningsPerShareDiluted,EarningsPerShareDiluted,5.37,5.37,USD/shares,accn+period,0.0,MATCH,0,c-1
BLK,2024,0000950170-25-026584,Revenue,Revenues,12794000000.0,12794000000,USD,accn+period,0.0,MATCH,6,C_a6388fb8-547d-4c04-ae4c-366698753501
BLK,2024,0000950170-25-026584,NetIncomeLoss,NetIncomeLoss,6369000000.0,6369000000,USD,accn+period,0.0,MATCH,6,C_a6388fb8-547d-4c04-ae4c-366698753501
BLK,2024,0000950170-25-026584,OperatingIncomeLoss,OperatingIncomeLoss,7574000000.0,7574000000,USD,accn+period,0.0,MATCH,6,C_a6388fb8-547d-4c04-ae4c-366698753501
BLK,2024,0000950170-25-026584,Assets,Assets,138615000000.0,138615000000,USD,accn+period,0.0,MATCH,6,C_28aa27e6-7fd0-4ecb-bea5-93da8a438841
BLK,2024,0000950170-25-026584,Liabilities,Liabilities,89260000000.0,89260000000,USD,accn+period,0.0,MATCH,6,C_28aa27e6-7fd0-4ecb-bea5-93da8a438841
BLK,2024,0000950170-25-026584,StockholdersEquity,StockholdersEquity,47495000000.0,47495000000,USD,accn+period,0.0,MATCH,6,C_28aa27e6-7fd0-4ecb-bea5-93da8a438841
BLK,2024,0000950170-25-026584,CashAndCashEquivalentsAtCarryingValue,CashAndCashEquivalentsAtCarryingValue,12762000000.0,12762000000,USD,accn+period,0.0,MATCH,6,C_28aa27e6-7fd0-4ecb-bea5-93da8a438841
BLK,2024,0000950170-25-026584,NetCashProvidedByUsedInOperatingActivities,NetCashProvidedByUsedInOperatingActivities,4956000000.0,4956000000,USD,accn+period,0.0,MATCH,6,C_a6388fb8-547d-4c04-ae4c-366698753501
BLK,2024,0000950170-25-026584,PaymentsToAcquirePropertyPlantAndEquipment,PaymentsToAcquirePropertyPlantAndEquipment,255000000.0,255000000,USD,accn+period,0.0,MATCH,6,C_a6388fb8-547d-4c04-ae4c-366698753501
BLK,2024,0000950170-25-026584,EarningsPerShareDiluted,EarningsPerShareDiluted,42.01,42.01,USD/shares,accn+period,0.0,MATCH,0,C_a6388fb8-547d-4c04-ae4c-366698753501
GS,2024,0000886982-25-000005,Revenue,RevenuesNetOfInterestExpense,53512000000.0,53512000000,USD,accn+period,0.0,MATCH,6,c-1
GS,2024,0000886982-25-000005,NetIncomeLoss,NetIncomeLoss,14276000000.0,14276000000,USD,accn+period,0.0,MATCH,6,c-1
GS,2024,0000886982-25-000005,Assets,Assets,1675972000000.0,1675972000000,USD,accn+period,0.0,MATCH,6,c-14
GS,2024,0000886982-25-000005,Liabilities,Liabilities,1553976000000.0,1553976000000,USD,accn+period,0.0,MATCH,6,c-14
GS,2024,0000886982-25-000005,StockholdersEquity,StockholdersEquity,121996000000.0,121996000000,USD,accn+period,0.0,MATCH,6,c-14
GS,2024,0000886982-25-000005,CashAndCashEquivalentsAtCarryingValue,CashAndCashEquivalentsAtCarryingValue,182092000000.0,182092000000,USD,accn+period,0.0,MATCH,6,c-14
GS,2024,0000886982-25-000005,NetCashProvidedByUsedInOperatingActivities,NetCashProvidedByUsedInOperatingActivities,-13212000000.0,-13212000000,USD,accn+period,0.0,MATCH,6,c-1
GS,2024,0000886982-25-000005,PaymentsToAcquirePropertyPlantAndEquipment,PaymentsToAcquirePropertyPlantAndEquipment,2091000000.0,2091000000,USD,accn+period,0.0,MATCH,6,c-1
GS,2024,0000886982-25-000005,EarningsPerShareDiluted,EarningsPerShareDiluted,40.54,40.54,USD/shares,accn+period,0.0,MATCH,0,c-1
NFLX,2024,0001065280-25-000044,Revenue,Revenues,39000966000.0,39000966000,USD,accn+period,0.0,MATCH,3,c-1
NFLX,2024,0001065280-25-000044,NetIncomeLoss,NetIncomeLoss,8711631000.0,8711631000,USD,accn+period,0.0,MATCH,3,c-1
NFLX,2024,0001065280-25-000044,OperatingIncomeLoss,OperatingIncomeLoss,10417614000.0,10417614000,USD,accn+period,0.0,MATCH,3,c-1
NFLX,2024,0001065280-25-000044,ResearchAndDevelopmentExpense,ResearchAndDevelopmentExpense,2925295000.0,2925295000,USD,accn+period,0.0,MATCH,3,c-1
NFLX,2024,0001065280-25-000044,Assets,Assets,53630374000.0,53630374000,USD,accn+period,0.0,MATCH,3,c-3
NFLX,2024,0001065280-25-000044,Liabilities,Liabilities,28886807000.0,28886807000,USD,accn+period,0.0,MATCH,3,c-3
NFLX,2024,0001065280-25-000044,StockholdersEquity,StockholdersEquity,24743567000.0,24743567000,USD,accn+period,0.0,MATCH,3,c-3
NFLX,2024,0001065280-25-000044,CashAndCashEquivalentsAtCarryingValue,CashAndCashEquivalentsAtCarryingValue,7804733000.0,7804733000,USD,accn+period,0.0,MATCH,3,c-3
NFLX,2024,0001065280-25-000044,NetCashProvidedByUsedInOperatingActivities,NetCashProvidedByUsedInOperatingActivities,7361364000.0,7361364000,USD,accn+period,0.0,MATCH,3,c-1
NFLX,2024,0001065280-25-000044,PaymentsToAcquirePropertyPlantAndEquipment,PaymentsToAcquirePropertyPlantAndEquipment,439538000.0,439538000,USD,accn+period,0.0,MATCH,3,c-1
NFLX,2024,0001065280-25-000044,EarningsPerShareDiluted,EarningsPerShareDiluted,19.83,19.83,USD/shares,accn+period,0.0,MATCH,0,c-1
