file,method,router,path,handler,line,checks_admin_token,check_mechanism
api/app.py,GET,app,/,ui,119,False,none
api/app.py,DELETE,app,/admin/collection/{name},delete_collection_endpoint,516,True,direct
api/app.py,DELETE,app,/admin/data-path,delete_data_path,465,True,direct
api/app.py,GET,app,/admin/disk-usage,disk_usage,161,True,direct
api/app.py,POST,app,/admin/evict-stale-companies,evict_stale_companies_endpoint,602,True,direct
api/app.py,POST,app,/admin/migrate-to-remote,migrate_to_remote,548,True,direct
api/app.py,GET,app,/admin/migrate-to-remote/status,migrate_to_remote_status,595,True,direct
api/app.py,POST,app,/admin/restore-data,restore_data,386,True,direct
api/app.py,GET,app,/collections,collections,156,False,none
api/app.py,GET,app,/favicon.svg,favicon,124,False,none
api/app.py,GET,app,/health,health,129,False,none
api/app.py,POST,app,/ingest,ingest,625,True,direct
api/app.py,GET,app,/ingest/status,ingest_status,342,False,none
api/app.py,POST,app,/query,query,652,False,none
api/chat.py,POST,router,,chat,149,False,none
api/chat.py,GET,router,/review,review_all,289,False,none
api/chat.py,GET,router,/sessions,list_sessions,235,False,none
api/chat.py,GET,router,/sessions/{sid},get_session,249,False,none
api/chat.py,DELETE,router,/sessions/{sid},delete_session,267,False,none
api/chat.py,PATCH,router,/sessions/{sid}/turns/{tid},review_turn,274,False,none
