ticker,company,fiscal_label,period_end,metric,metric_label,concept,value_extracted,unit,filing_value_as_printed,scale_attr,statement_to_check,form_type,filing_date,accession,filing_url,selection,validation_status,why_this_row,verdict,owner_note
AAPL,Apple Inc.,2024,2024-09-28,revenue,Total net revenue,us-gaap:RevenueFromContractWithCustomerExcludingAssessedTax,3.91035E+11,USD,"391,035",6,Consolidated Statements of Operations / of Income,10-K,2024-11-01,0000320193-24-000123,https://www.sec.gov/Archives/edgar/data/320193/000032019324000123/aapl-20240928.htm,single_candidate,validated,baseline; 52/53-week fiscal year (363 days),,
AAPL,Apple Inc.,2024,2024-09-28,eps_diluted,Diluted earnings per share,us-gaap:EarningsPerShareDiluted,6.08,USD/shares,6.08,0,Consolidated Statements of Operations / of Income,10-K,2024-11-01,0000320193-24-000123,https://www.sec.gov/Archives/edgar/data/320193/000032019324000123/aapl-20240928.htm,single_candidate,validated,"a per-share unit, not a currency total",,
MSFT,MICROSOFT CORP,2026,2026-06-30,revenue,Total net revenue,us-gaap:RevenueFromContractWithCustomerExcludingAssessedTax,3.31839E+11,USD,"331,839",6,Consolidated Statements of Operations / of Income,10-K,2026-07-29,0001193125-26-323660,https://www.sec.gov/Archives/edgar/data/789019/000119312526323660/msft-20260630.htm,single_candidate,unvalidated,fiscal label 2026 for a year ending 2026-06-30,,
GOOGL,Alphabet Inc.,2024,2024-12-31,net_income,Net income,us-gaap:NetIncomeLoss,1.00118E+11,USD,"100,118",6,Consolidated Statements of Operations / of Income,10-K,2025-02-05,0001652044-25-000014,https://www.sec.gov/Archives/edgar/data/1652044/000165204425000014/goog-20241231.htm,single_candidate,validated,"tier-1 NetIncomeLoss, not ProfitLoss (D2-02)",,
AMZN,AMAZON COM INC,2024,2024-12-31,operating_cash_flow,Net cash provided by operating activities,us-gaap:NetCashProvidedByUsedInOperatingActivities,1.15877E+11,USD,"115,877",6,Consolidated Statements of Cash Flows,10-K,2025-02-07,0001018724-25-000004,https://www.sec.gov/Archives/edgar/data/1018724/000101872425000004/amzn-20241231.htm,single_candidate,validated,cash-flow statement rather than income,,
NFLX,NETFLIX INC,2024,2024-12-31,revenue,Total net revenue,us-gaap:Revenues,3.9000966E+10,USD,"39,000,966",3,Consolidated Statements of Operations / of Income,10-K,2025-01-27,0001065280-25-000044,https://www.sec.gov/Archives/edgar/data/1065280/000106528025000044/nflx-20241231.htm,single_candidate,unvalidated,REPORTS IN THOUSANDS (scale=3) - the K2 1000x case,,
NFLX,NETFLIX INC,2024,2024-12-31,total_assets,Total assets,us-gaap:Assets,5.3630374E+10,USD,"53,630,374",3,Consolidated Balance Sheets / Statements of Financial Condition,10-K,2025-01-27,0001065280-25-000044,https://www.sec.gov/Archives/edgar/data/1065280/000106528025000044/nflx-20241231.htm,single_candidate,unvalidated,"instant fact at the period end, in thousands",,
JPM,JPMORGAN CHASE & CO,2024,2024-12-31,revenue,Total net revenue,us-gaap:Revenues,1.77556E+11,USD,"177,556",6,Consolidated Statements of Operations / of Income,10-K,2025-02-14,0000019617-25-000270,https://www.sec.gov/Archives/edgar/data/19617/000001961725000270/jpm-20241231.htm,candidates_agree,unvalidated,two revenue concepts tagged with the SAME value,,
BAC,BANK OF AMERICA CORP /DE/,2024,2024-12-31,revenue,Total net revenue,us-gaap:Revenues,1.01887E+11,USD,"101,887",6,Consolidated Statements of Operations / of Income,10-K,2025-02-25,0000070858-25-000139,https://www.sec.gov/Archives/edgar/data/70858/000007085825000139/bac-20241231.htm,single_candidate,validated,bank: revenue is not a product sale,,
BAC,BANK OF AMERICA CORP /DE/,2024,2024-12-31,net_income,Net income,us-gaap:NetIncomeLoss,2.7132E+10,USD,"27,132",6,Consolidated Statements of Operations / of Income,10-K,2025-02-25,0000070858-25-000139,https://www.sec.gov/Archives/edgar/data/70858/000007085825000139/bac-20241231.htm,single_candidate,validated,,,
GS,GOLDMAN SACHS GROUP INC,2024,2024-12-31,revenue,Total net revenue,us-gaap:RevenuesNetOfInterestExpense,5.3512E+10,USD,"53,512",6,Consolidated Statements of Operations / of Income,10-K,2025-02-27,0000886982-25-000005,https://www.sec.gov/Archives/edgar/data/886982/000088698225000005/gs-20241231.htm,single_candidate,validated,,,
GS,GOLDMAN SACHS GROUP INC,2024,2024-12-31,operating_cash_flow,Net cash provided by operating activities,us-gaap:NetCashProvidedByUsedInOperatingActivities,-1.3212E+10,USD,"(13,212)",6,Consolidated Statements of Cash Flows,10-K,2025-02-27,0000886982-25-000005,https://www.sec.gov/Archives/edgar/data/886982/000088698225000005/gs-20241231.htm,single_candidate,conflict,NEGATIVE value - check the sign,,
WFC,WELLS FARGO & COMPANY/MN,2024,2024-12-31,revenue,Total net revenue,us-gaap:RevenuesNetOfInterestExpense,8.2296E+10,USD,"82,296",6,Consolidated Statements of Operations / of Income,10-K,2025-02-25,0000072971-25-000066,https://www.sec.gov/Archives/edgar/data/72971/000007297125000066/wfc-20241231_d2.htm,single_candidate,validated,"facts live in the EX-13 exhibit, not the 10-K wrapper",,
WFC,WELLS FARGO & COMPANY/MN,2024,2024-12-31,stockholders_equity,Total stockholders' equity,us-gaap:StockholdersEquity,1.79120E+11,USD,"179,120",6,Consolidated Balance Sheets / Statements of Financial Condition,10-K,2025-02-25,0000072971-25-000066,https://www.sec.gov/Archives/edgar/data/72971/000007297125000066/wfc-20241231_d2.htm,single_candidate,validated,"tier-1 parent equity, not including-NCI (D2-02)",,
BLK,"BlackRock, Inc.",2024,2024-12-31,revenue,Total net revenue,us-gaap:RevenueFromContractWithCustomerExcludingAssessedTax,2.0407E+10,USD,"20,407",6,Consolidated Statements of Operations / of Income,10-K,2025-02-25,0000950170-25-026584,https://www.sec.gov/Archives/edgar/data/2012383/000095017025026584/blk-20241231.htm,override,validated,"OVERRIDE: 20,407 (total revenue), not the 12,794 component",,
BLK,"BlackRock, Inc.",2024,2024-12-31,net_income,Net income,us-gaap:NetIncomeLoss,6.369E+9,USD,"6,369",6,Consolidated Statements of Operations / of Income,10-K,2025-02-25,0000950170-25-026584,https://www.sec.gov/Archives/edgar/data/2012383/000095017025026584/blk-20241231.htm,single_candidate,validated,"tier-1 NetIncomeLoss 5,901 vs ProfitLoss 6,205",,
STT,STATE STREET CORP,2024,2024-12-31,revenue,Total net revenue,us-gaap:Revenues,1.3000E+10,USD,"13,000",6,Consolidated Statements of Operations / of Income,10-K,2025-02-13,0000093751-25-000111,https://www.sec.gov/Archives/edgar/data/93751/000009375125000111/stt-20241231.htm,single_candidate,validated,,,
TROW,PRICE T ROWE GROUP INC,2024,2024-12-31,net_income,Net income,us-gaap:NetIncomeLoss,2.1001E+9,USD,"2,100.1",6,Consolidated Statements of Operations / of Income,10-K,2025-02-14,0001113169-25-000007,https://www.sec.gov/Archives/edgar/data/1113169/000111316925000007/trow-20241231.htm,single_candidate,validated,,,
IVZ,Invesco Ltd.,2024,2024-12-31,cash_and_equivalents,Cash and cash equivalents,us-gaap:CashAndCashEquivalentsAtCarryingValue,9.865E+8,USD,986.5,6,Consolidated Balance Sheets / Statements of Financial Condition,10-K,2025-02-25,0000914208-25-000114,https://www.sec.gov/Archives/edgar/data/914208/000091420825000114/ivz-20241231.htm,single_candidate,validated,"tier-1 cash, NOT the restricted-cash superset",,
COST,COSTCO WHOLESALE CORP /NEW,2025,2025-08-31,revenue,Total net revenue,us-gaap:RevenueFromContractWithCustomerExcludingAssessedTax,2.75235E+11,USD,"275,235",6,Consolidated Statements of Operations / of Income,10-K,2025-10-08,0000909832-25-000101,https://www.sec.gov/Archives/edgar/data/909832/000090983225000101/cost-20250831.htm,candidates_agree,unvalidated,"a filer with no override, sector entry or fixture",,
