filing,ticker,fiscal_year,section_id,kind,verdict,chars,blocks,share_of_doc,title,absorbs
AAPL_2023,AAPL,2023,fs_balance_sheet,statement,ok,5686,3,0.0191,Consolidated Balance Sheets,
AAPL_2023,AAPL,2023,fs_cash_flow,statement,ok,7977,2,0.0268,Consolidated Statements of Cash Flows,
AAPL_2023,AAPL,2023,fs_equity,statement,ok,4757,3,0.016,Consolidated Statements of Equity,
AAPL_2023,AAPL,2023,fs_income_stmt,statement,ok,8327,5,0.0279,Consolidated Statements of Operations,
AAPL_2023,AAPL,2023,fs_notes,notes,ok,94214,61,0.3161,Notes to Financial Statements,
AAPL_2023,AAPL,2023,item_1_business,narrative,ok,15148,1,0.0508,Item 1: Business,
AAPL_2023,AAPL,2023,item_1a_risk_factors,narrative,ok,67854,1,0.2277,Item 1A: Risk Factors,
AAPL_2023,AAPL,2023,item_1c_cyber,narrative,too_small,48,1,0.0002,Item 1C: Cybersecurity,
AAPL_2023,AAPL,2023,item_3_legal,narrative,ok,3036,1,0.0102,Item 3: Legal Proceedings,
AAPL_2023,AAPL,2023,item_7_mda,narrative,ok,21495,12,0.0721,Item 7: MD&A,
AAPL_2023,AAPL,2023,item_7a_market_risk,narrative,ok,3990,3,0.0134,Item 7A: Quantitative Disclosures,
AAPL_2024,AAPL,2024,fs_balance_sheet,statement,ok,5684,3,0.019,Consolidated Balance Sheets,
AAPL_2024,AAPL,2024,fs_cash_flow,statement,ok,8026,2,0.0268,Consolidated Statements of Cash Flows,
AAPL_2024,AAPL,2024,fs_equity,statement,ok,4783,3,0.016,Consolidated Statements of Equity,
AAPL_2024,AAPL,2024,fs_income_stmt,statement,ok,8339,5,0.0279,Consolidated Statements of Operations,
AAPL_2024,AAPL,2024,fs_notes,notes,ok,89572,56,0.2994,Notes to Financial Statements,
AAPL_2024,AAPL,2024,item_1_business,narrative,ok,15755,1,0.0527,Item 1: Business,
AAPL_2024,AAPL,2024,item_1a_risk_factors,narrative,ok,68741,1,0.2298,Item 1A: Risk Factors,
AAPL_2024,AAPL,2024,item_1c_cyber,narrative,ok,2713,1,0.0091,Item 1C: Cybersecurity,
AAPL_2024,AAPL,2024,item_3_legal,narrative,ok,4314,1,0.0144,Item 3: Legal Proceedings,
AAPL_2024,AAPL,2024,item_7_mda,narrative,ok,21032,12,0.0703,Item 7: MD&A,
AAPL_2024,AAPL,2024,item_7a_market_risk,narrative,ok,3990,3,0.0133,Item 7A: Quantitative Disclosures,
AAPL_2025,AAPL,2025,fs_balance_sheet,statement,ok,5688,3,0.0189,Consolidated Balance Sheets,
AAPL_2025,AAPL,2025,fs_cash_flow,statement,ok,7940,2,0.0263,Consolidated Statements of Cash Flows,
AAPL_2025,AAPL,2025,fs_equity,statement,ok,4708,3,0.0156,Consolidated Statements of Equity,
AAPL_2025,AAPL,2025,fs_income_stmt,statement,ok,8306,5,0.0276,Consolidated Statements of Operations,
AAPL_2025,AAPL,2025,fs_notes,notes,ok,92463,52,0.3068,Notes to Financial Statements,
AAPL_2025,AAPL,2025,item_1_business,narrative,ok,16051,1,0.0533,Item 1: Business,
AAPL_2025,AAPL,2025,item_1a_risk_factors,narrative,ok,68026,1,0.2257,Item 1A: Risk Factors,
AAPL_2025,AAPL,2025,item_1c_cyber,narrative,ok,2676,1,0.0089,Item 1C: Cybersecurity,
AAPL_2025,AAPL,2025,item_3_legal,narrative,ok,5374,1,0.0178,Item 3: Legal Proceedings,
AAPL_2025,AAPL,2025,item_7_mda,narrative,ok,23694,12,0.0786,Item 7: MD&A,
AAPL_2025,AAPL,2025,item_7a_market_risk,narrative,ok,3990,3,0.0132,Item 7A: Quantitative Disclosures,
AMZN_2023,AMZN,2023,fs_balance_sheet,statement,missing,0,0,0.0,,
AMZN_2023,AMZN,2023,fs_cash_flow,statement,ok,40796,14,0.1021,Consolidated Statements of Cash Flows,
AMZN_2023,AMZN,2023,fs_equity,statement,ok,29166,8,0.073,Consolidated Statements of Equity,
AMZN_2023,AMZN,2023,fs_income_stmt,statement,too_small,106,1,0.0003,Consolidated Statements of Operations,
AMZN_2023,AMZN,2023,fs_notes,notes,ok,161326,70,0.4039,Notes to Financial Statements,
AMZN_2023,AMZN,2023,item_1_business,narrative,ok,16807,4,0.0421,Item 1: Business,
AMZN_2023,AMZN,2023,item_1a_risk_factors,narrative,ok,59031,1,0.1478,Item 1A: Risk Factors,
AMZN_2023,AMZN,2023,item_1c_cyber,narrative,ok,4007,1,0.01,Item 1C: Cybersecurity,
AMZN_2023,AMZN,2023,item_3_legal,narrative,too_small,130,1,0.0003,Item 3: Legal Proceedings,
AMZN_2023,AMZN,2023,item_7_mda,narrative,ok,60669,18,0.1519,Item 7: MD&A,
AMZN_2023,AMZN,2023,item_7a_market_risk,narrative,ok,10243,4,0.0256,Item 7A: Quantitative Disclosures,
AMZN_2024,AMZN,2024,fs_balance_sheet,statement,missing,0,0,0.0,,
AMZN_2024,AMZN,2024,fs_cash_flow,statement,too_large,197559,80,0.4998,Consolidated Statements of Cash Flows,
AMZN_2024,AMZN,2024,fs_equity,statement,missing,0,0,0.0,,
AMZN_2024,AMZN,2024,fs_income_stmt,statement,too_small,106,1,0.0003,Consolidated Statements of Operations,
AMZN_2024,AMZN,2024,fs_notes,notes,ok,29189,8,0.0738,Notes to Financial Statements,
AMZN_2024,AMZN,2024,item_1_business,narrative,ok,16830,4,0.0426,Item 1: Business,
AMZN_2024,AMZN,2024,item_1a_risk_factors,narrative,ok,59452,1,0.1504,Item 1A: Risk Factors,
AMZN_2024,AMZN,2024,item_1c_cyber,narrative,ok,3986,1,0.0101,Item 1C: Cybersecurity,
AMZN_2024,AMZN,2024,item_3_legal,narrative,too_small,130,1,0.0003,Item 3: Legal Proceedings,
AMZN_2024,AMZN,2024,item_7_mda,narrative,ok,61225,18,0.1549,Item 7: MD&A,
AMZN_2024,AMZN,2024,item_7a_market_risk,narrative,ok,10423,4,0.0264,Item 7A: Quantitative Disclosures,
AMZN_2025,AMZN,2025,fs_balance_sheet,statement,missing,0,0,0.0,,
AMZN_2025,AMZN,2025,fs_cash_flow,statement,ok,40321,14,0.0998,Consolidated Statements of Cash Flows,
AMZN_2025,AMZN,2025,fs_equity,statement,ok,30001,8,0.0743,Consolidated Statements of Equity,
AMZN_2025,AMZN,2025,fs_income_stmt,statement,too_small,99,1,0.0002,Consolidated Statements of Operations,
AMZN_2025,AMZN,2025,fs_notes,notes,ok,168551,73,0.4173,Notes to Financial Statements,
AMZN_2025,AMZN,2025,item_1_business,narrative,ok,17169,4,0.0425,Item 1: Business,
AMZN_2025,AMZN,2025,item_1a_risk_factors,narrative,ok,60743,1,0.1504,Item 1A: Risk Factors,
AMZN_2025,AMZN,2025,item_1c_cyber,narrative,ok,4059,1,0.0101,Item 1C: Cybersecurity,
AMZN_2025,AMZN,2025,item_3_legal,narrative,too_small,130,1,0.0003,Item 3: Legal Proceedings,
AMZN_2025,AMZN,2025,item_7_mda,narrative,ok,55559,14,0.1376,Item 7: MD&A,
AMZN_2025,AMZN,2025,item_7a_market_risk,narrative,ok,10222,4,0.0253,Item 7A: Quantitative Disclosures,
BAC_2023,BAC,2023,fs_balance_sheet,statement,ok,41737,4,0.0218,Consolidated Balance Sheets,
BAC_2023,BAC,2023,fs_cash_flow,statement,ok,11925,2,0.0062,Consolidated Statements of Cash Flows,
BAC_2023,BAC,2023,fs_equity,statement,missing,0,0,0.0,,
BAC_2023,BAC,2023,fs_income_stmt,statement,ok,9124,3,0.0048,Consolidated Statements of Income,
BAC_2023,BAC,2023,fs_notes,notes,too_large,923416,184,0.4817,Notes to Financial Statements,
BAC_2023,BAC,2023,item_1_business,narrative,ok,41857,3,0.0218,Item 1: Business,
BAC_2023,BAC,2023,item_1a_risk_factors,narrative,ok,116140,1,0.0606,Item 1A: Risk Factors,
BAC_2023,BAC,2023,item_1c_cyber,narrative,too_small,123,1,0.0001,Item 1C: Cybersecurity,
BAC_2023,BAC,2023,item_3_legal,narrative,too_small,167,1,0.0001,Item 3: Legal Proceedings,
BAC_2023,BAC,2023,item_7_mda,narrative,too_large,658375,116,0.3434,Item 7: MD&A,
BAC_2023,BAC,2023,item_7a_market_risk,narrative,too_small,149,1,0.0001,Item 7A: Quantitative Disclosures,
BAC_2024,BAC,2024,fs_balance_sheet,statement,ok,41840,4,0.022,Consolidated Balance Sheets,
BAC_2024,BAC,2024,fs_cash_flow,statement,ok,11970,2,0.0063,Consolidated Statements of Cash Flows,
BAC_2024,BAC,2024,fs_equity,statement,missing,0,0,0.0,,
BAC_2024,BAC,2024,fs_income_stmt,statement,ok,9610,3,0.005,Consolidated Statements of Income,
BAC_2024,BAC,2024,fs_notes,notes,too_large,915945,184,0.4806,Notes to Financial Statements,
BAC_2024,BAC,2024,item_1_business,narrative,ok,40289,3,0.0211,Item 1: Business,
BAC_2024,BAC,2024,item_1a_risk_factors,narrative,ok,116701,1,0.0612,Item 1A: Risk Factors,
BAC_2024,BAC,2024,item_1c_cyber,narrative,too_small,123,1,0.0001,Item 1C: Cybersecurity,
BAC_2024,BAC,2024,item_3_legal,narrative,too_small,167,1,0.0001,Item 3: Legal Proceedings,
BAC_2024,BAC,2024,item_7_mda,narrative,too_large,653569,120,0.3429,Item 7: MD&A,
BAC_2024,BAC,2024,item_7a_market_risk,narrative,too_small,149,1,0.0001,Item 7A: Quantitative Disclosures,
BAC_2025,BAC,2025,fs_balance_sheet,statement,ok,42058,4,0.0221,Consolidated Balance Sheets,
BAC_2025,BAC,2025,fs_cash_flow,statement,ok,11337,2,0.0059,Consolidated Statements of Cash Flows,
BAC_2025,BAC,2025,fs_equity,statement,missing,0,0,0.0,,
BAC_2025,BAC,2025,fs_income_stmt,statement,ok,9038,3,0.0047,Consolidated Statements of Income,
BAC_2025,BAC,2025,fs_notes,notes,too_large,916296,180,0.4809,Notes to Financial Statements,
BAC_2025,BAC,2025,item_1_business,narrative,ok,40704,3,0.0214,Item 1: Business,
BAC_2025,BAC,2025,item_1a_risk_factors,narrative,ok,116637,1,0.0612,Item 1A: Risk Factors,
BAC_2025,BAC,2025,item_1c_cyber,narrative,too_small,123,1,0.0001,Item 1C: Cybersecurity,
BAC_2025,BAC,2025,item_3_legal,narrative,too_small,167,1,0.0001,Item 3: Legal Proceedings,
BAC_2025,BAC,2025,item_7_mda,narrative,too_large,654481,118,0.3435,Item 7: MD&A,
BAC_2025,BAC,2025,item_7a_market_risk,narrative,too_small,149,1,0.0001,Item 7A: Quantitative Disclosures,
BLK_2023,BLK,2023,fs_balance_sheet,statement,ok,26830,40,0.0424,Consolidated Statements of Financial Condition,fs_equity
BLK_2023,BLK,2023,fs_cash_flow,statement,ok,32710,58,0.0516,Consolidated Statements of Cash Flows,
BLK_2023,BLK,2023,fs_equity,statement,missing,0,0,0.0,,
BLK_2023,BLK,2023,fs_income_stmt,statement,too_large,82568,84,0.1304,Consolidated Statements of Income,
BLK_2023,BLK,2023,fs_notes,notes,ok,99157,55,0.1565,Notes to Financial Statements,
BLK_2023,BLK,2023,item_1_business,narrative,ok,122284,235,0.193,Item 1: Business,
BLK_2023,BLK,2023,item_1a_risk_factors,narrative,ok,106226,172,0.1677,Item 1A: Risk Factors,
BLK_2023,BLK,2023,item_1c_cyber,narrative,ok,9862,15,0.0156,Item 1C: Cybersecurity,
BLK_2023,BLK,2023,item_3_legal,narrative,too_small,182,1,0.0003,Item 3: Legal Proceedings,
BLK_2023,BLK,2023,item_7_mda,narrative,ok,112637,200,0.1778,Item 7: MD&A,
BLK_2023,BLK,2023,item_7a_market_risk,narrative,ok,7510,13,0.0119,Item 7A: Quantitative Disclosures,
BLK_2024,BLK,2024,fs_balance_sheet,statement,ok,32377,50,0.0468,Consolidated Statements of Financial Condition,fs_equity
BLK_2024,BLK,2024,fs_cash_flow,statement,ok,47332,75,0.0684,Consolidated Statements of Cash Flows,
BLK_2024,BLK,2024,fs_equity,statement,missing,0,0,0.0,,
BLK_2024,BLK,2024,fs_income_stmt,statement,too_large,96827,85,0.1398,Consolidated Statements of Income,
BLK_2024,BLK,2024,fs_notes,notes,ok,115505,67,0.1668,Notes to Financial Statements,
BLK_2024,BLK,2024,item_1_business,narrative,ok,119603,231,0.1727,Item 1: Business,
BLK_2024,BLK,2024,item_1a_risk_factors,narrative,ok,107021,173,0.1546,Item 1A: Risk Factors,
BLK_2024,BLK,2024,item_1c_cyber,narrative,ok,9698,2,0.014,Item 1C: Cybersecurity,
BLK_2024,BLK,2024,item_3_legal,narrative,too_small,182,1,0.0003,Item 3: Legal Proceedings,
BLK_2024,BLK,2024,item_7_mda,narrative,ok,121778,207,0.1759,Item 7: MD&A,
BLK_2024,BLK,2024,item_7a_market_risk,narrative,ok,7555,13,0.0109,Item 7A: Quantitative Disclosures,
BLK_2025,BLK,2025,fs_balance_sheet,statement,ok,34484,17,0.0474,Consolidated Statements of Financial Condition,
BLK_2025,BLK,2025,fs_cash_flow,statement,ok,47596,14,0.0654,Consolidated Statements of Cash Flows,
BLK_2025,BLK,2025,fs_equity,statement,missing,0,0,0.0,,
BLK_2025,BLK,2025,fs_income_stmt,statement,too_large,98760,85,0.1356,Consolidated Statements of Income,
BLK_2025,BLK,2025,fs_notes,notes,ok,126228,68,0.1734,Notes to Financial Statements,
BLK_2025,BLK,2025,item_1_business,narrative,ok,125976,47,0.173,Item 1: Business,
BLK_2025,BLK,2025,item_1a_risk_factors,narrative,ok,109429,14,0.1503,Item 1A: Risk Factors,
BLK_2025,BLK,2025,item_1c_cyber,narrative,ok,9719,2,0.0133,Item 1C: Cybersecurity,
BLK_2025,BLK,2025,item_3_legal,narrative,too_small,194,1,0.0003,Item 3: Legal Proceedings,
BLK_2025,BLK,2025,item_7_mda,narrative,ok,130763,67,0.1796,Item 7: MD&A,
BLK_2025,BLK,2025,item_7a_market_risk,narrative,ok,7589,7,0.0104,Item 7A: Quantitative Disclosures,
GOOGL_2023,GOOGL,2023,fs_balance_sheet,statement,ok,37896,14,0.078,Consolidated Balance Sheets,
GOOGL_2023,GOOGL,2023,fs_cash_flow,statement,ok,8381,2,0.0173,Consolidated Statements of Cash Flows,
GOOGL_2023,GOOGL,2023,fs_equity,statement,ok,7109,2,0.0146,Consolidated Statements of Equity,
GOOGL_2023,GOOGL,2023,fs_income_stmt,statement,ok,7863,5,0.0162,Consolidated Statements of Income,
GOOGL_2023,GOOGL,2023,fs_notes,notes,ok,189262,79,0.3898,Notes to Financial Statements,
GOOGL_2023,GOOGL,2023,item_1_business,narrative,ok,32293,1,0.0665,Item 1: Business,
GOOGL_2023,GOOGL,2023,item_1a_risk_factors,narrative,ok,75775,1,0.1561,Item 1A: Risk Factors,
GOOGL_2023,GOOGL,2023,item_1c_cyber,narrative,ok,2973,1,0.0061,Item 1C: Cybersecurity,
GOOGL_2023,GOOGL,2023,item_3_legal,narrative,too_small,264,1,0.0005,Item 3: Legal Proceedings,
GOOGL_2023,GOOGL,2023,item_7_mda,narrative,ok,76649,29,0.1579,Item 7: MD&A,
GOOGL_2023,GOOGL,2023,item_7a_market_risk,narrative,ok,10643,3,0.0219,Item 7A: Quantitative Disclosures,
GOOGL_2024,GOOGL,2024,fs_balance_sheet,statement,ok,6242,3,0.0125,Consolidated Balance Sheets,
GOOGL_2024,GOOGL,2024,fs_cash_flow,statement,ok,8070,2,0.0161,Consolidated Statements of Cash Flows,
GOOGL_2024,GOOGL,2024,fs_equity,statement,ok,7170,2,0.0143,Consolidated Statements of Equity,
GOOGL_2024,GOOGL,2024,fs_income_stmt,statement,ok,7867,5,0.0157,Consolidated Statements of Income,
GOOGL_2024,GOOGL,2024,fs_notes,notes,ok,197474,81,0.3951,Notes to Financial Statements,
GOOGL_2024,GOOGL,2024,item_1_business,narrative,ok,30526,1,0.0611,Item 1: Business,
GOOGL_2024,GOOGL,2024,item_1a_risk_factors,narrative,ok,83010,1,0.1661,Item 1A: Risk Factors,
GOOGL_2024,GOOGL,2024,item_1c_cyber,narrative,ok,3302,1,0.0066,Item 1C: Cybersecurity,
GOOGL_2024,GOOGL,2024,item_3_legal,narrative,too_small,264,1,0.0005,Item 3: Legal Proceedings,
GOOGL_2024,GOOGL,2024,item_7_mda,narrative,ok,74735,29,0.1495,Item 7: MD&A,
GOOGL_2024,GOOGL,2024,item_7a_market_risk,narrative,ok,10670,3,0.0214,Item 7A: Quantitative Disclosures,
GOOGL_2025,GOOGL,2025,fs_balance_sheet,statement,ok,50107,14,0.0999,Consolidated Balance Sheets,
GOOGL_2025,GOOGL,2025,fs_cash_flow,statement,ok,8398,2,0.0167,Consolidated Statements of Cash Flows,
GOOGL_2025,GOOGL,2025,fs_equity,statement,ok,7483,2,0.0149,Consolidated Statements of Equity,
GOOGL_2025,GOOGL,2025,fs_income_stmt,statement,ok,7836,5,0.0156,Consolidated Statements of Income,
GOOGL_2025,GOOGL,2025,fs_notes,notes,ok,206377,83,0.4114,Notes to Financial Statements,
GOOGL_2025,GOOGL,2025,item_1_business,narrative,ok,23671,1,0.0472,Item 1: Business,
GOOGL_2025,GOOGL,2025,item_1a_risk_factors,narrative,ok,84885,1,0.1692,Item 1A: Risk Factors,
GOOGL_2025,GOOGL,2025,item_1c_cyber,narrative,ok,3302,1,0.0066,Item 1C: Cybersecurity,
GOOGL_2025,GOOGL,2025,item_3_legal,narrative,too_small,264,1,0.0005,Item 3: Legal Proceedings,
GOOGL_2025,GOOGL,2025,item_7_mda,narrative,ok,63116,25,0.1258,Item 7: MD&A,
GOOGL_2025,GOOGL,2025,item_7a_market_risk,narrative,ok,10011,5,0.02,Item 7A: Quantitative Disclosures,
GS_2023,GS,2023,fs_balance_sheet,statement,ok,14404,4,0.0096,Consolidated Balance Sheets,
GS_2023,GS,2023,fs_cash_flow,statement,too_large,492140,189,0.3272,Consolidated Statements of Cash Flows,
GS_2023,GS,2023,fs_equity,statement,too_large,192112,64,0.1277,Consolidated Statements of Equity,
GS_2023,GS,2023,fs_income_stmt,statement,ok,7747,4,0.0052,Consolidated Statements of Income,
GS_2023,GS,2023,fs_notes,notes,ok,53481,27,0.0356,Notes to Financial Statements,
GS_2023,GS,2023,item_1_business,narrative,ok,154942,1,0.103,Item 1: Business,
GS_2023,GS,2023,item_1a_risk_factors,narrative,ok,140754,1,0.0936,Item 1A: Risk Factors,
GS_2023,GS,2023,item_1c_cyber,narrative,too_small,223,1,0.0001,Item 1C: Cybersecurity,
GS_2023,GS,2023,item_3_legal,narrative,ok,1196,1,0.0008,Item 3: Legal Proceedings,
GS_2023,GS,2023,item_7_mda,narrative,too_large,395359,160,0.2628,Item 7: MD&A,
GS_2023,GS,2023,item_7a_market_risk,narrative,too_small,219,1,0.0001,Item 7A: Quantitative Disclosures,
GS_2024,GS,2024,fs_balance_sheet,statement,too_large,451451,170,0.3,Consolidated Balance Sheets,
GS_2024,GS,2024,fs_cash_flow,statement,ok,47048,24,0.0313,Consolidated Statements of Cash Flows,
GS_2024,GS,2024,fs_equity,statement,too_large,189560,66,0.126,Consolidated Statements of Equity,
GS_2024,GS,2024,fs_income_stmt,statement,ok,7856,4,0.0052,Consolidated Statements of Income,
GS_2024,GS,2024,fs_notes,notes,ok,53828,27,0.0358,Notes to Financial Statements,
GS_2024,GS,2024,item_1_business,narrative,ok,152354,1,0.1013,Item 1: Business,
GS_2024,GS,2024,item_1a_risk_factors,narrative,ok,143357,1,0.0953,Item 1A: Risk Factors,
GS_2024,GS,2024,item_1c_cyber,narrative,too_small,223,1,0.0001,Item 1C: Cybersecurity,
GS_2024,GS,2024,item_3_legal,narrative,ok,1196,1,0.0008,Item 3: Legal Proceedings,
GS_2024,GS,2024,item_7_mda,narrative,too_large,404262,164,0.2687,Item 7: MD&A,
GS_2024,GS,2024,item_7a_market_risk,narrative,too_small,219,1,0.0001,Item 7A: Quantitative Disclosures,
GS_2025,GS,2025,fs_balance_sheet,statement,too_large,439804,166,0.299,Consolidated Balance Sheets,
GS_2025,GS,2025,fs_cash_flow,statement,ok,44462,24,0.0302,Consolidated Statements of Cash Flows,
GS_2025,GS,2025,fs_equity,statement,too_large,166958,64,0.1135,Consolidated Statements of Equity,
GS_2025,GS,2025,fs_income_stmt,statement,ok,7827,4,0.0053,Consolidated Statements of Income,
GS_2025,GS,2025,fs_notes,notes,ok,53651,27,0.0365,Notes to Financial Statements,
GS_2025,GS,2025,item_1_business,narrative,ok,151143,1,0.1027,Item 1: Business,
GS_2025,GS,2025,item_1a_risk_factors,narrative,ok,140937,1,0.0958,Item 1A: Risk Factors,
GS_2025,GS,2025,item_1c_cyber,narrative,too_small,223,1,0.0002,Item 1C: Cybersecurity,
GS_2025,GS,2025,item_3_legal,narrative,ok,1196,1,0.0008,Item 3: Legal Proceedings,
GS_2025,GS,2025,item_7_mda,narrative,too_large,416936,156,0.2834,Item 7: MD&A,
GS_2025,GS,2025,item_7a_market_risk,narrative,too_small,219,1,0.0001,Item 7A: Quantitative Disclosures,
IVZ_2023,IVZ,2023,fs_balance_sheet,statement,ok,52268,32,0.0795,Consolidated Balance Sheets,
IVZ_2023,IVZ,2023,fs_cash_flow,statement,ok,27616,6,0.042,Consolidated Statements of Cash Flows,
IVZ_2023,IVZ,2023,fs_equity,statement,too_large,113076,61,0.1719,Consolidated Statements of Equity,
IVZ_2023,IVZ,2023,fs_income_stmt,statement,ok,3502,3,0.0053,Consolidated Statements of Income,
IVZ_2023,IVZ,2023,fs_notes,notes,missing,0,0,0.0,,
IVZ_2023,IVZ,2023,item_1_business,narrative,ok,28881,10,0.0439,Item 1: Business,
IVZ_2023,IVZ,2023,item_1a_risk_factors,narrative,ok,86553,1,0.1316,Item 1A: Risk Factors,
IVZ_2023,IVZ,2023,item_1c_cyber,narrative,ok,4803,1,0.0073,Item 1C: Cybersecurity,
IVZ_2023,IVZ,2023,item_3_legal,narrative,too_small,160,1,0.0002,Item 3: Legal Proceedings,
IVZ_2023,IVZ,2023,item_7_mda,narrative,ok,236664,52,0.3599,Item 7: MD&A,
IVZ_2023,IVZ,2023,item_7a_market_risk,narrative,ok,9765,5,0.0148,Item 7A: Quantitative Disclosures,
IVZ_2024,IVZ,2024,fs_balance_sheet,statement,ok,5814,2,0.0093,Consolidated Balance Sheets,
IVZ_2024,IVZ,2024,fs_cash_flow,statement,ok,27696,6,0.0445,Consolidated Statements of Cash Flows,
IVZ_2024,IVZ,2024,fs_equity,statement,too_large,160603,88,0.2583,Consolidated Statements of Equity,
IVZ_2024,IVZ,2024,fs_income_stmt,statement,ok,9126,4,0.0147,Consolidated Statements of Income,
IVZ_2024,IVZ,2024,fs_notes,notes,missing,0,0,0.0,,
IVZ_2024,IVZ,2024,item_1_business,narrative,ok,24753,8,0.0398,Item 1: Business,
IVZ_2024,IVZ,2024,item_1a_risk_factors,narrative,ok,87532,1,0.1408,Item 1A: Risk Factors,
IVZ_2024,IVZ,2024,item_1c_cyber,narrative,ok,4954,1,0.008,Item 1C: Cybersecurity,
IVZ_2024,IVZ,2024,item_3_legal,narrative,too_small,160,1,0.0003,Item 3: Legal Proceedings,
IVZ_2024,IVZ,2024,item_7_mda,narrative,ok,218073,50,0.3507,Item 7: MD&A,
IVZ_2024,IVZ,2024,item_7a_market_risk,narrative,ok,9054,5,0.0146,Item 7A: Quantitative Disclosures,
IVZ_2025,IVZ,2025,fs_balance_sheet,statement,ok,5952,2,0.0101,Consolidated Balance Sheets,
IVZ_2025,IVZ,2025,fs_cash_flow,statement,ok,28268,6,0.0479,Consolidated Statements of Cash Flows,
IVZ_2025,IVZ,2025,fs_equity,statement,ok,8018,1,0.0136,Consolidated Statements of Equity,
IVZ_2025,IVZ,2025,fs_income_stmt,statement,ok,9518,4,0.0161,Consolidated Statements of Income,
IVZ_2025,IVZ,2025,fs_notes,notes,ok,158272,89,0.2681,Notes to Financial Statements,
IVZ_2025,IVZ,2025,item_1_business,narrative,ok,21278,5,0.036,Item 1: Business,
IVZ_2025,IVZ,2025,item_1a_risk_factors,narrative,ok,90281,1,0.1529,Item 1A: Risk Factors,
IVZ_2025,IVZ,2025,item_1c_cyber,narrative,ok,3812,1,0.0065,Item 1C: Cybersecurity,
IVZ_2025,IVZ,2025,item_3_legal,narrative,too_small,169,1,0.0003,Item 3: Legal Proceedings,
IVZ_2025,IVZ,2025,item_7_mda,narrative,ok,175904,42,0.298,Item 7: MD&A,
IVZ_2025,IVZ,2025,item_7a_market_risk,narrative,ok,8971,5,0.0152,Item 7A: Quantitative Disclosures,
JPM_2023,JPM,2023,fs_balance_sheet,statement,too_large,273734,103,0.1248,Consolidated Balance Sheets,
JPM_2023,JPM,2023,fs_cash_flow,statement,too_large,745149,197,0.3398,Consolidated Statements of Cash Flows,
JPM_2023,JPM,2023,fs_equity,statement,missing,0,0,0.0,,
JPM_2023,JPM,2023,fs_income_stmt,statement,too_large,871614,239,0.3975,Financial Statements,
JPM_2023,JPM,2023,fs_notes,notes,ok,96083,20,0.0438,Notes to Financial Statements,
JPM_2023,JPM,2023,item_1_business,narrative,ok,46910,5,0.0214,Item 1: Business,
JPM_2023,JPM,2023,item_1a_risk_factors,narrative,ok,131965,1,0.0602,Item 1A: Risk Factors,
JPM_2023,JPM,2023,item_1c_cyber,narrative,too_small,147,1,0.0001,Item 1C: Cybersecurity,
JPM_2023,JPM,2023,item_3_legal,narrative,too_small,76,1,0.0,Item 3: Legal Proceedings,
JPM_2023,JPM,2023,item_7_mda,narrative,too_small,300,1,0.0001,Item 7: MD&A,
JPM_2023,JPM,2023,item_7a_market_risk,narrative,too_small,197,1,0.0001,Item 7A: Quantitative Disclosures,
JPM_2024,JPM,2024,fs_balance_sheet,statement,ok,7703,3,0.0037,Consolidated Balance Sheets,
JPM_2024,JPM,2024,fs_cash_flow,statement,too_large,270406,104,0.1282,Consolidated Statements of Cash Flows,
JPM_2024,JPM,2024,fs_equity,statement,missing,0,0,0.0,,
JPM_2024,JPM,2024,fs_income_stmt,statement,too_large,1526355,434,0.7239,Financial Statements,
JPM_2024,JPM,2024,fs_notes,notes,ok,95348,20,0.0452,Notes to Financial Statements,
JPM_2024,JPM,2024,item_1_business,narrative,ok,44568,5,0.0211,Item 1: Business,
JPM_2024,JPM,2024,item_1a_risk_factors,narrative,ok,136130,1,0.0646,Item 1A: Risk Factors,
JPM_2024,JPM,2024,item_1c_cyber,narrative,too_small,145,1,0.0001,Item 1C: Cybersecurity,
JPM_2024,JPM,2024,item_3_legal,narrative,too_small,76,1,0.0,Item 3: Legal Proceedings,
JPM_2024,JPM,2024,item_7_mda,narrative,too_small,300,1,0.0001,Item 7: MD&A,
JPM_2024,JPM,2024,item_7a_market_risk,narrative,too_small,197,1,0.0001,Item 7A: Quantitative Disclosures,
JPM_2025,JPM,2025,fs_balance_sheet,statement,ok,7940,3,0.0038,Consolidated Balance Sheets,
JPM_2025,JPM,2025,fs_cash_flow,statement,too_large,278547,107,0.1338,Consolidated Statements of Cash Flows,
JPM_2025,JPM,2025,fs_equity,statement,missing,0,0,0.0,,
JPM_2025,JPM,2025,fs_income_stmt,statement,too_large,1516268,435,0.7284,Financial Statements,
JPM_2025,JPM,2025,fs_notes,notes,ok,90622,18,0.0435,Notes to Financial Statements,
JPM_2025,JPM,2025,item_1_business,narrative,ok,43227,5,0.0208,Item 1: Business,
JPM_2025,JPM,2025,item_1a_risk_factors,narrative,ok,112518,1,0.054,Item 1A: Risk Factors,
JPM_2025,JPM,2025,item_1c_cyber,narrative,too_small,145,1,0.0001,Item 1C: Cybersecurity,
JPM_2025,JPM,2025,item_3_legal,narrative,too_small,76,1,0.0,Item 3: Legal Proceedings,
JPM_2025,JPM,2025,item_7_mda,narrative,too_small,300,1,0.0001,Item 7: MD&A,
JPM_2025,JPM,2025,item_7a_market_risk,narrative,too_small,197,1,0.0001,Item 7A: Quantitative Disclosures,
MSFT_2024,MSFT,2024,fs_balance_sheet,statement,ok,59126,45,0.1379,Consolidated Balance Sheets,
MSFT_2024,MSFT,2024,fs_cash_flow,statement,missing,0,0,0.0,,
MSFT_2024,MSFT,2024,fs_equity,statement,missing,0,0,0.0,,
MSFT_2024,MSFT,2024,fs_income_stmt,statement,too_large,83997,133,0.1959,Consolidated Statements of Income,
MSFT_2024,MSFT,2024,fs_notes,notes,ok,14788,29,0.0345,Notes to Financial Statements,
MSFT_2024,MSFT,2024,item_1_business,narrative,ok,69061,188,0.161,Item 1: Business,
MSFT_2024,MSFT,2024,item_1a_risk_factors,narrative,ok,73467,94,0.1713,Item 1A: Risk Factors,
MSFT_2024,MSFT,2024,item_1c_cyber,narrative,ok,9034,13,0.0211,Item 1C: Cybersecurity,
MSFT_2024,MSFT,2024,item_3_legal,narrative,too_small,175,1,0.0004,Item 3: Legal Proceedings,
MSFT_2024,MSFT,2024,item_7_mda,narrative,ok,41923,115,0.0978,Item 7: MD&A,
MSFT_2024,MSFT,2024,item_7a_market_risk,narrative,ok,2321,8,0.0054,Item 7A: Quantitative Disclosures,
MSFT_2025,MSFT,2025,fs_balance_sheet,statement,too_large,131551,116,0.3455,Consolidated Balance Sheets,
MSFT_2025,MSFT,2025,fs_cash_flow,statement,missing,0,0,0.0,,
MSFT_2025,MSFT,2025,fs_equity,statement,missing,0,0,0.0,,
MSFT_2025,MSFT,2025,fs_income_stmt,statement,ok,10977,3,0.0288,Consolidated Statements of Income,
MSFT_2025,MSFT,2025,fs_notes,notes,ok,13983,5,0.0367,Notes to Financial Statements,
MSFT_2025,MSFT,2025,item_1_business,narrative,ok,48862,15,0.1283,Item 1: Business,
MSFT_2025,MSFT,2025,item_1a_risk_factors,narrative,ok,68763,14,0.1806,Item 1A: Risk Factors,
MSFT_2025,MSFT,2025,item_1c_cyber,narrative,ok,9173,2,0.0241,Item 1C: Cybersecurity,
MSFT_2025,MSFT,2025,item_3_legal,narrative,too_small,189,1,0.0005,Item 3: Legal Proceedings,
MSFT_2025,MSFT,2025,item_7_mda,narrative,ok,38923,29,0.1022,Item 7: MD&A,
MSFT_2025,MSFT,2025,item_7a_market_risk,narrative,ok,2408,2,0.0063,Item 7A: Quantitative Disclosures,
MSFT_2026,MSFT,2026,fs_balance_sheet,statement,too_large,135233,117,0.3434,Consolidated Balance Sheets,
MSFT_2026,MSFT,2026,fs_cash_flow,statement,missing,0,0,0.0,,
MSFT_2026,MSFT,2026,fs_equity,statement,missing,0,0,0.0,,
MSFT_2026,MSFT,2026,fs_income_stmt,statement,missing,0,0,0.0,,
MSFT_2026,MSFT,2026,fs_notes,notes,ok,15423,5,0.0392,Notes to Financial Statements,
MSFT_2026,MSFT,2026,item_1_business,narrative,ok,41356,13,0.105,Item 1: Business,
MSFT_2026,MSFT,2026,item_1a_risk_factors,narrative,ok,80992,15,0.2057,Item 1A: Risk Factors,
MSFT_2026,MSFT,2026,item_1c_cyber,narrative,ok,8211,2,0.0209,Item 1C: Cybersecurity,
MSFT_2026,MSFT,2026,item_3_legal,narrative,too_small,189,1,0.0005,Item 3: Legal Proceedings,
MSFT_2026,MSFT,2026,item_7_mda,narrative,ok,42538,33,0.108,Item 7: MD&A,
MSFT_2026,MSFT,2026,item_7a_market_risk,narrative,ok,2407,2,0.0061,Item 7A: Quantitative Disclosures,
NFLX_2023,NFLX,2023,fs_balance_sheet,statement,ok,6169,3,0.0157,Consolidated Balance Sheets,
NFLX_2023,NFLX,2023,fs_cash_flow,statement,ok,9104,2,0.0231,Consolidated Statements of Cash Flows,
NFLX_2023,NFLX,2023,fs_equity,statement,ok,6554,3,0.0167,Consolidated Statements of Equity,
NFLX_2023,NFLX,2023,fs_income_stmt,statement,ok,17158,9,0.0436,Consolidated Statements of Operations,
NFLX_2023,NFLX,2023,fs_notes,notes,ok,164934,76,0.4191,Notes to Financial Statements,
NFLX_2023,NFLX,2023,item_1_business,narrative,ok,10997,1,0.0279,Item 1: Business,
NFLX_2023,NFLX,2023,item_1a_risk_factors,narrative,ok,70241,1,0.1785,Item 1A: Risk Factors,
NFLX_2023,NFLX,2023,item_1c_cyber,narrative,ok,4640,1,0.0118,Item 1C: Cybersecurity,
NFLX_2023,NFLX,2023,item_3_legal,narrative,too_small,382,1,0.001,Item 3: Legal Proceedings,
NFLX_2023,NFLX,2023,item_7_mda,narrative,ok,78713,32,0.2,Item 7: MD&A,
NFLX_2023,NFLX,2023,item_7a_market_risk,narrative,ok,5137,1,0.0131,Item 7A: Quantitative Disclosures,
NFLX_2024,NFLX,2024,fs_balance_sheet,statement,ok,6217,3,0.0143,Consolidated Balance Sheets,
NFLX_2024,NFLX,2024,fs_cash_flow,statement,ok,9077,2,0.0208,Consolidated Statements of Cash Flows,
NFLX_2024,NFLX,2024,fs_equity,statement,ok,6389,3,0.0147,Consolidated Statements of Equity,
NFLX_2024,NFLX,2024,fs_income_stmt,statement,ok,18968,9,0.0435,Consolidated Statements of Operations,
NFLX_2024,NFLX,2024,fs_notes,notes,ok,190939,82,0.4378,Notes to Financial Statements,
NFLX_2024,NFLX,2024,item_1_business,narrative,ok,10674,1,0.0245,Item 1: Business,
NFLX_2024,NFLX,2024,item_1a_risk_factors,narrative,ok,70204,1,0.161,Item 1A: Risk Factors,
NFLX_2024,NFLX,2024,item_1c_cyber,narrative,ok,4785,1,0.011,Item 1C: Cybersecurity,
NFLX_2024,NFLX,2024,item_3_legal,narrative,too_small,382,1,0.0009,Item 3: Legal Proceedings,
NFLX_2024,NFLX,2024,item_7_mda,narrative,ok,77037,32,0.1767,Item 7: MD&A,
NFLX_2024,NFLX,2024,item_7a_market_risk,narrative,ok,7794,1,0.0179,Item 7A: Quantitative Disclosures,
NFLX_2025,NFLX,2025,fs_balance_sheet,statement,ok,6244,3,0.0138,Consolidated Balance Sheets,
NFLX_2025,NFLX,2025,fs_cash_flow,statement,ok,9045,2,0.02,Consolidated Statements of Cash Flows,
NFLX_2025,NFLX,2025,fs_equity,statement,ok,6824,3,0.0151,Consolidated Statements of Equity,
NFLX_2025,NFLX,2025,fs_income_stmt,statement,ok,19277,9,0.0426,Consolidated Statements of Operations,
NFLX_2025,NFLX,2025,fs_notes,notes,ok,214231,85,0.4729,Notes to Financial Statements,
NFLX_2025,NFLX,2025,item_1_business,narrative,ok,9172,1,0.0202,Item 1: Business,
NFLX_2025,NFLX,2025,item_1a_risk_factors,narrative,ok,75103,1,0.1658,Item 1A: Risk Factors,
NFLX_2025,NFLX,2025,item_1c_cyber,narrative,ok,4868,1,0.0107,Item 1C: Cybersecurity,
NFLX_2025,NFLX,2025,item_3_legal,narrative,too_small,382,1,0.0008,Item 3: Legal Proceedings,
NFLX_2025,NFLX,2025,item_7_mda,narrative,ok,73255,29,0.1617,Item 7: MD&A,
NFLX_2025,NFLX,2025,item_7a_market_risk,narrative,ok,6715,1,0.0148,Item 7A: Quantitative Disclosures,
STT_2023,STT,2023,fs_balance_sheet,statement,too_large,100635,35,0.0663,Consolidated Statement of Condition,
STT_2023,STT,2023,fs_cash_flow,statement,too_large,407589,100,0.2684,Consolidated Statements of Cash Flows,
STT_2023,STT,2023,fs_equity,statement,missing,0,0,0.0,,
STT_2023,STT,2023,fs_income_stmt,statement,ok,36719,8,0.0242,Consolidated Statements of Income,
STT_2023,STT,2023,fs_notes,notes,ok,66425,11,0.0437,Notes to Financial Statements,
STT_2023,STT,2023,item_1_business,narrative,ok,95176,1,0.0627,Item 1: Business,
STT_2023,STT,2023,item_1a_risk_factors,narrative,ok,163073,1,0.1074,Item 1A: Risk Factors,
STT_2023,STT,2023,item_1c_cyber,narrative,too_small,213,1,0.0001,Item 1C: Cybersecurity,
STT_2023,STT,2023,item_3_legal,narrative,too_small,198,1,0.0001,Item 3: Legal Proceedings,
STT_2023,STT,2023,item_7_mda,narrative,too_large,535138,94,0.3525,Item 7: MD&A,
STT_2023,STT,2023,item_7a_market_risk,narrative,too_small,180,1,0.0001,Item 7A: Quantitative Disclosures,
STT_2024,STT,2024,fs_balance_sheet,statement,too_large,102961,35,0.0687,Consolidated Statement of Condition,
STT_2024,STT,2024,fs_cash_flow,statement,too_large,404581,100,0.2699,Consolidated Statements of Cash Flows,
STT_2024,STT,2024,fs_equity,statement,missing,0,0,0.0,,
STT_2024,STT,2024,fs_income_stmt,statement,ok,39064,8,0.0261,Consolidated Statements of Income,
STT_2024,STT,2024,fs_notes,notes,ok,64308,11,0.0429,Notes to Financial Statements,
STT_2024,STT,2024,item_1_business,narrative,ok,78758,1,0.0525,Item 1: Business,
STT_2024,STT,2024,item_1a_risk_factors,narrative,ok,162562,1,0.1085,Item 1A: Risk Factors,
STT_2024,STT,2024,item_1c_cyber,narrative,ok,4883,1,0.0033,Item 1C: Cybersecurity,
STT_2024,STT,2024,item_3_legal,narrative,too_small,198,1,0.0001,Item 3: Legal Proceedings,
STT_2024,STT,2024,item_7_mda,narrative,too_large,530730,96,0.3541,Item 7: MD&A,
STT_2024,STT,2024,item_7a_market_risk,narrative,too_small,180,1,0.0001,Item 7A: Quantitative Disclosures,
STT_2025,STT,2025,fs_balance_sheet,statement,too_large,105916,39,0.0728,Consolidated Statement of Condition,
STT_2025,STT,2025,fs_cash_flow,statement,too_large,406310,100,0.2793,Consolidated Statements of Cash Flows,
STT_2025,STT,2025,fs_equity,statement,missing,0,0,0.0,,
STT_2025,STT,2025,fs_income_stmt,statement,ok,38376,8,0.0264,Consolidated Statements of Income,
STT_2025,STT,2025,fs_notes,notes,ok,64150,11,0.0441,Notes to Financial Statements,
STT_2025,STT,2025,item_1_business,narrative,ok,78344,1,0.0539,Item 1: Business,
STT_2025,STT,2025,item_1a_risk_factors,narrative,ok,168834,1,0.1161,Item 1A: Risk Factors,
STT_2025,STT,2025,item_1c_cyber,narrative,ok,4883,1,0.0034,Item 1C: Cybersecurity,
STT_2025,STT,2025,item_3_legal,narrative,too_small,198,1,0.0001,Item 3: Legal Proceedings,
STT_2025,STT,2025,item_7_mda,narrative,too_large,476159,87,0.3273,Item 7: MD&A,
STT_2025,STT,2025,item_7a_market_risk,narrative,too_small,180,1,0.0001,Item 7A: Quantitative Disclosures,
TROW_2023,TROW,2023,fs_balance_sheet,statement,ok,6613,3,0.012,Consolidated Balance Sheets,
TROW_2023,TROW,2023,fs_cash_flow,statement,ok,23531,4,0.0427,Consolidated Statements of Cash Flows,
TROW_2023,TROW,2023,fs_equity,statement,ok,8290,2,0.015,Consolidated Statements of Equity,
TROW_2023,TROW,2023,fs_income_stmt,statement,ok,10545,5,0.0191,Consolidated Statements of Income,
TROW_2023,TROW,2023,fs_notes,notes,ok,126983,57,0.2303,Notes to Financial Statements,
TROW_2023,TROW,2023,item_1_business,narrative,ok,55633,24,0.1009,Item 1: Business,
TROW_2023,TROW,2023,item_1a_risk_factors,narrative,ok,58242,1,0.1056,Item 1A: Risk Factors,
TROW_2023,TROW,2023,item_1c_cyber,narrative,ok,8231,1,0.0149,Item 1C: Cybersecurity,
TROW_2023,TROW,2023,item_3_legal,narrative,too_small,196,1,0.0004,Item 3: Legal Proceedings,
TROW_2023,TROW,2023,item_7_mda,narrative,ok,170352,38,0.309,Item 7: MD&A,
TROW_2023,TROW,2023,item_7a_market_risk,narrative,ok,7798,3,0.0141,Item 7A: Quantitative Disclosures,
TROW_2024,TROW,2024,fs_balance_sheet,statement,ok,6405,3,0.0115,Consolidated Balance Sheets,
TROW_2024,TROW,2024,fs_cash_flow,statement,ok,23019,4,0.0415,Consolidated Statements of Cash Flows,
TROW_2024,TROW,2024,fs_equity,statement,ok,8308,2,0.015,Consolidated Statements of Equity,
TROW_2024,TROW,2024,fs_income_stmt,statement,ok,10417,5,0.0188,Consolidated Statements of Income,
TROW_2024,TROW,2024,fs_notes,notes,ok,124956,59,0.2252,Notes to Financial Statements,
TROW_2024,TROW,2024,item_1_business,narrative,ok,50464,17,0.091,Item 1: Business,
TROW_2024,TROW,2024,item_1a_risk_factors,narrative,ok,70209,1,0.1265,Item 1A: Risk Factors,
TROW_2024,TROW,2024,item_1c_cyber,narrative,ok,8471,1,0.0153,Item 1C: Cybersecurity,
TROW_2024,TROW,2024,item_3_legal,narrative,too_small,161,1,0.0003,Item 3: Legal Proceedings,
TROW_2024,TROW,2024,item_7_mda,narrative,ok,170574,40,0.3074,Item 7: MD&A,
TROW_2024,TROW,2024,item_7a_market_risk,narrative,ok,7901,3,0.0142,Item 7A: Quantitative Disclosures,
TROW_2025,TROW,2025,fs_balance_sheet,statement,ok,6347,3,0.0116,Consolidated Balance Sheets,
TROW_2025,TROW,2025,fs_cash_flow,statement,ok,23236,5,0.0423,Consolidated Statements of Cash Flows,
TROW_2025,TROW,2025,fs_equity,statement,ok,7680,2,0.014,Consolidated Statements of Equity,
TROW_2025,TROW,2025,fs_income_stmt,statement,ok,10006,5,0.0182,Consolidated Statements of Income,
TROW_2025,TROW,2025,fs_notes,notes,ok,128847,61,0.2346,Notes to Financial Statements,
TROW_2025,TROW,2025,item_1_business,narrative,ok,51181,16,0.0932,Item 1: Business,
TROW_2025,TROW,2025,item_1a_risk_factors,narrative,ok,68352,1,0.1244,Item 1A: Risk Factors,
TROW_2025,TROW,2025,item_1c_cyber,narrative,ok,8796,1,0.016,Item 1C: Cybersecurity,
TROW_2025,TROW,2025,item_3_legal,narrative,too_small,161,1,0.0003,Item 3: Legal Proceedings,
TROW_2025,TROW,2025,item_7_mda,narrative,ok,174891,40,0.3184,Item 7: MD&A,
TROW_2025,TROW,2025,item_7a_market_risk,narrative,ok,7698,3,0.014,Item 7A: Quantitative Disclosures,
WFC_2023,WFC,2023,fs_balance_sheet,statement,ok,30222,5,0.0138,Consolidated Balance Sheets,
WFC_2023,WFC,2023,fs_cash_flow,statement,ok,13359,2,0.0061,Consolidated Statements of Cash Flows,
WFC_2023,WFC,2023,fs_equity,statement,ok,14160,2,0.0065,Consolidated Statements of Equity,
WFC_2023,WFC,2023,fs_income_stmt,statement,ok,14687,4,0.0067,Consolidated Statements of Income,
WFC_2023,WFC,2023,fs_notes,notes,too_large,915008,252,0.4182,Notes to Financial Statements,
WFC_2023,WFC,2023,item_1_business,narrative,ok,35969,3,0.0164,Item 1: Business,
WFC_2023,WFC,2023,item_1a_risk_factors,narrative,ok,95265,1,0.0435,Item 1A: Risk Factors,
WFC_2023,WFC,2023,item_1c_cyber,narrative,too_small,230,1,0.0001,Item 1C: Cybersecurity,
WFC_2023,WFC,2023,item_3_legal,narrative,missing,0,0,0.0,,
WFC_2023,WFC,2023,item_7_mda,narrative,too_large,605376,119,0.2767,Item 7: MD&A,
WFC_2023,WFC,2023,item_7a_market_risk,narrative,too_small,526,2,0.0002,Item 7A: Quantitative Disclosures,
WFC_2024,WFC,2024,fs_balance_sheet,statement,ok,9507,2,0.0046,Consolidated Balance Sheets,
WFC_2024,WFC,2024,fs_cash_flow,statement,ok,14012,2,0.0068,Consolidated Statements of Cash Flows,
WFC_2024,WFC,2024,fs_equity,statement,ok,10572,2,0.0051,Consolidated Statements of Equity,
WFC_2024,WFC,2024,fs_income_stmt,statement,ok,14113,4,0.0068,Consolidated Statements of Income,
WFC_2024,WFC,2024,fs_notes,notes,too_large,858960,241,0.414,Notes to Financial Statements,
WFC_2024,WFC,2024,item_1_business,narrative,ok,47017,3,0.0227,Item 1: Business,
WFC_2024,WFC,2024,item_1a_risk_factors,narrative,ok,102037,1,0.0492,Item 1A: Risk Factors,
WFC_2024,WFC,2024,item_1c_cyber,narrative,too_small,232,1,0.0001,Item 1C: Cybersecurity,
WFC_2024,WFC,2024,item_3_legal,narrative,missing,0,0,0.0,,
WFC_2024,WFC,2024,item_7_mda,narrative,too_large,537736,115,0.2592,Item 7: MD&A,
WFC_2024,WFC,2024,item_7a_market_risk,narrative,too_small,526,2,0.0003,Item 7A: Quantitative Disclosures,
WFC_2025,WFC,2025,fs_balance_sheet,statement,ok,9415,2,0.0043,Consolidated Balance Sheets,
WFC_2025,WFC,2025,fs_cash_flow,statement,ok,13900,2,0.0063,Consolidated Statements of Cash Flows,
WFC_2025,WFC,2025,fs_equity,statement,ok,10119,2,0.0046,Consolidated Statements of Equity,
WFC_2025,WFC,2025,fs_income_stmt,statement,ok,16141,4,0.0073,Consolidated Statements of Income,
WFC_2025,WFC,2025,fs_notes,notes,too_large,848573,238,0.3838,Notes to Financial Statements,
WFC_2025,WFC,2025,item_1_business,narrative,ok,46401,3,0.021,Item 1: Business,
WFC_2025,WFC,2025,item_1a_risk_factors,narrative,ok,92164,1,0.0417,Item 1A: Risk Factors,
WFC_2025,WFC,2025,item_1c_cyber,narrative,too_small,232,1,0.0001,Item 1C: Cybersecurity,
WFC_2025,WFC,2025,item_3_legal,narrative,missing,0,0,0.0,,
WFC_2025,WFC,2025,item_7_mda,narrative,too_large,509037,111,0.2302,Item 7: MD&A,
WFC_2025,WFC,2025,item_7a_market_risk,narrative,too_small,526,2,0.0002,Item 7A: Quantitative Disclosures,
