gold_id,category,sector,ticker,company,question,expected_value,unit,why_this_item,verified_by,fiscal_label,period_end,metric_label,concept,operation,operands,filing_value_as_printed,scale_attr,statement_to_check,accession,filing_url,oracle_value,verdict,owner_note,priority,assist_match,assist_value_as_printed,assist_row_label,assist_column_header,assist_units_header,assist_printed_line,assist_link,assist_spotcheck
N-BLK-REVENUE-2023,numeric,Asset Management,BLK,BlackRock,What was BlackRock's revenue in fiscal 2023?,17859000000,USD,BLK FY2023 is filed under the OLD CIK 1364742 (D24),companyfacts,2023,2023-12-31,Total net revenue,us-gaap:RevenueFromContractWithCustomerExcludingAssessedTax,,,"17,859",6,Consolidated Statements of Operations / of Income,0000950170-24-019271,https://www.sec.gov/Archives/edgar/data/1364742/000095017024019271/blk-20231231.htm,17859000000,,,core,found_exact,"17,859","Revenue, GAAP basis",2023,in millions,"Revenue, GAAP basis | $ | 17,859 | $ | 17,873",https://www.sec.gov/Archives/edgar/data/1364742/000095017024019271/blk-20231231.htm,
N-BLK-REVENUE-2024,numeric,Asset Management,BLK,BlackRock,What was BlackRock's revenue in fiscal 2024?,20407000000,USD,"MULTI-CONCEPT FILER: two revenue concepts, 37% apart (D0.3)",companyfacts,2024,2024-12-31,Total net revenue,us-gaap:RevenueFromContractWithCustomerExcludingAssessedTax,,,"20,407",6,Consolidated Statements of Operations / of Income,0000950170-25-026584,https://www.sec.gov/Archives/edgar/data/2012383/000095017025026584/blk-20241231.htm,20407000000,,,core,found_exact,"20,407","Revenue, GAAP basis",2024,in millions,"Revenue, GAAP basis | $ | 20,407 | $ | 17,859",https://www.sec.gov/Archives/edgar/data/2012383/000095017025026584/blk-20241231.htm,
N-IVZ-CASHANDEQUIVALENTS-2024,numeric,Asset Management,IVZ,Invesco,What was Invesco's cash and cash equivalents in fiscal 2024?,986500000,USD,"tier choice: carrying value, not the restricted-cash superset",companyfacts,2024,2024-12-31,Cash and cash equivalents,us-gaap:CashAndCashEquivalentsAtCarryingValue,,,986.5,6,Consolidated Balance Sheets / Statements of Financial Condition,0000914208-25-000114,https://www.sec.gov/Archives/edgar/data/914208/000091420825000114/ivz-20241231.htm,986500000,,,core,found_exact,986.5,Cash and cash equivalents,"December 31, 2024","in millions, except per share data","Cash and cash equivalents | $ | 986.5 | $ | 1,469.2",https://www.sec.gov/Archives/edgar/data/914208/000091420825000114/ivz-20241231.htm,
N-STT-NETINCOME-2024,numeric,Asset Management,STT,State Street,What was State Street's net income in fiscal 2024?,2687000000,USD,a custody bank; its balance sheet is a Statement of Condition,companyfacts,2024,2024-12-31,Net income,us-gaap:NetIncomeLoss,,,"2,687",6,Consolidated Statements of Operations / of Income,0000093751-25-000111,https://www.sec.gov/Archives/edgar/data/93751/000009375125000111/stt-20241231.htm,2687000000,,,core,found_exact,"2,687",Net income,2024,"Dollars in millions, except per share amounts","Net income | $ | 2,687 | $ | 1,944 | $ | 2,774",https://www.sec.gov/Archives/edgar/data/93751/000009375125000111/stt-20241231.htm,
N-TROW-REVENUE-2024,numeric,Asset Management,TROW,T. Rowe Price,What was T. Rowe Price's revenue in fiscal 2024?,7093600000,USD,a filer whose Item 7 the v1 parser lost entirely (P4-00),companyfacts,2024,2024-12-31,Total net revenue,us-gaap:RevenueFromContractWithCustomerExcludingAssessedTax,,,"7,093.6",6,Consolidated Statements of Operations / of Income,0001113169-25-000007,https://www.sec.gov/Archives/edgar/data/1113169/000111316925000007/trow-20241231.htm,7093600000,,,core,found_exact,"7,093.6",Net revenues,2024,"in millions, except per-share amounts","Net revenues | 7,093.6 | 6,460.5 | 6,488.4",https://www.sec.gov/Archives/edgar/data/1113169/000111316925000007/trow-20241231.htm,
C-GS-NETMARGIN-2024,computed,Banking,GS,Goldman Sachs,What was Goldman Sachs's net margin in fiscal 2024?,26.68,percent,a bank's net margin over its own headline revenue (D5),companyfacts,2024,,margin_pct,us-gaap:NetIncomeLoss ; us-gaap:RevenuesNetOfInterestExpense,margin_pct,net_income FY2024 = 14276000000 ; revenue FY2024 = 53512000000,26.68,,re-compute from the operands; each operand has its own numeric row in this sheet or in reports/phase2/owner_spotcheck.csv,0000886982-25-000005,https://www.sec.gov/Archives/edgar/data/886982/000088698225000005/gs-20241231.htm,,,,core,found_exact,"net_income FY2024 = 14,276 ; revenue FY2024 = 53,512",net_income FY2024: Net earnings ; revenue FY2024: Total net revenues,net_income FY2024: 2024 ; revenue FY2024: 2024,in millions,"net_income FY2024: Net earnings | 14,276 | 8,516 | 11,261 ⏎ revenue FY2024: Total net revenues | 53,512 | 46,254 | 47,365",https://www.sec.gov/Archives/edgar/data/886982/000088698225000005/gs-20241231.htm,
C-JPM-NETINCOMEGROWTH-2024,computed,Banking,JPM,JPMorgan Chase,How did JPMorgan Chase's net income change from fiscal 2023 to fiscal 2024?,18.00,percent,growth on a bank's bottom line,companyfacts,2024,,growth_pct,us-gaap:NetIncomeLoss,growth_pct,net_income FY2023 = 49552000000 ; net_income FY2024 = 58471000000,18.00,,re-compute from the operands; each operand has its own numeric row in this sheet or in reports/phase2/owner_spotcheck.csv,0000019617-24-000225,https://www.sec.gov/Archives/edgar/data/19617/000001961724000225/jpm-20231231.htm,,,,core,found_exact,"net_income FY2023 = 49,552 ; net_income FY2024 = 58,471",net_income FY2023: Net income ; net_income FY2024: Net income,net_income FY2023: 2023 ; net_income FY2024: 2024,"in millions, except per share data","net_income FY2023: Net income | $ | 49,552 | $ | 37,676 | $ | 48,334 ⏎ net_income FY2024: Net income | $ | 58,471 | $ | 49,552 | $ | 37,676",https://www.sec.gov/Archives/edgar/data/19617/000001961724000225/jpm-20231231.htm https://www.sec.gov/Archives/edgar/data/19617/000001961725000270/jpm-20241231.htm,
N-BAC-REVENUE-2024,numeric,Banking,BAC,Bank of America,"What was Bank of America's total revenue, net of interest expense in fiscal 2024?",101887000000,USD,revenue net of interest expense — a different headline again,companyfacts,2024,2024-12-31,Total net revenue,us-gaap:Revenues,,,"101,887",6,Consolidated Statements of Operations / of Income,0000070858-25-000139,https://www.sec.gov/Archives/edgar/data/70858/000007085825000139/bac-20241231.htm,101887000000,,,core,found_exact,"101,887","Total revenue, net of interest expense",2024,"In millions, except per share information","Total revenue, net of interest expense | 101,887 | 98,581 | 94,950",https://www.sec.gov/Archives/edgar/data/70858/000007085825000139/bac-20241231.htm,
N-BAC-TOTALLIABILITIES-2024,numeric,Banking,BAC,Bank of America,What was Bank of America's total liabilities in fiscal 2024?,2965960000000,USD,a line AMZN does not tag at all — coverage is filer-specific,companyfacts,2024,2024-12-31,Total liabilities,us-gaap:Liabilities,,,"2,965,960",6,Consolidated Balance Sheets / Statements of Financial Condition,0000070858-25-000139,https://www.sec.gov/Archives/edgar/data/70858/000007085825000139/bac-20241231.htm,2965960000000,,,core,found_exact,"2,965,960",Total liabilities,December 31 2024,Dollars in millions,"Total liabilities | 2,965,960 | 2,888,505",https://www.sec.gov/Archives/edgar/data/70858/000007085825000139/bac-20241231.htm,
N-GS-REVENUE-2024,numeric,Banking,GS,Goldman Sachs,What was Goldman Sachs's total net revenues in fiscal 2024?,53512000000,USD,"total net revenues; GS tags with scale 9, not 6",companyfacts,2024,2024-12-31,Total net revenue,us-gaap:RevenuesNetOfInterestExpense,,,"53,512",6,Consolidated Statements of Operations / of Income,0000886982-25-000005,https://www.sec.gov/Archives/edgar/data/886982/000088698225000005/gs-20241231.htm,53512000000,,,core,found_exact,"53,512",Total net revenues,2024,in millions,"Total net revenues | 53,512 | 46,254 | 47,365",https://www.sec.gov/Archives/edgar/data/886982/000088698225000005/gs-20241231.htm,
N-GS-TOTALASSETS-2024,numeric,Banking,GS,Goldman Sachs,What was Goldman Sachs's total assets in fiscal 2024?,1675972000000,USD,a trillion-dollar instant value — magnitude stress,companyfacts,2024,2024-12-31,Total assets,us-gaap:Assets,,,"1,675,972",6,Consolidated Balance Sheets / Statements of Financial Condition,0000886982-25-000005,https://www.sec.gov/Archives/edgar/data/886982/000088698225000005/gs-20241231.htm,1675972000000,,,core,found_exact,"1,675,972",Total assets,2024,$ in millions,"Total assets | $ | 1,675,972 | $ | 1,641,594",https://www.sec.gov/Archives/edgar/data/886982/000088698225000005/gs-20241231.htm,
N-JPM-NETINCOME-2024,numeric,Banking,JPM,JPMorgan Chase,What was JPMorgan Chase's net income in fiscal 2024?,58471000000,USD,cross-checks the same filing on a second line,companyfacts,2024,2024-12-31,Net income,us-gaap:NetIncomeLoss,,,"58,471",6,Consolidated Statements of Operations / of Income,0000019617-25-000270,https://www.sec.gov/Archives/edgar/data/19617/000001961725000270/jpm-20241231.htm,58471000000,,,core,found_exact,"58,471",Net income,2024,"in millions, except per share data","Net income | $ | 58,471 | $ | 49,552 | $ | 37,676",https://www.sec.gov/Archives/edgar/data/19617/000001961725000270/jpm-20241231.htm,
N-JPM-REVENUE-2024,numeric,Banking,JPM,JPMorgan Chase,What was JPMorgan Chase's total net revenue in fiscal 2024?,177556000000,USD,"D5: a bank's headline is total net revenue, not a product sale",companyfacts,2024,2024-12-31,Total net revenue,us-gaap:Revenues,,,"177,556",6,Consolidated Statements of Operations / of Income,0000019617-25-000270,https://www.sec.gov/Archives/edgar/data/19617/000001961725000270/jpm-20241231.htm,177556000000,,,extra,found_exact,"177,556",Total net revenue,2024,"in millions, except per share data","Total net revenue | 177,556 | 158,104 | 128,695",https://www.sec.gov/Archives/edgar/data/19617/000001961725000270/jpm-20241231.htm,
N-WFC-REVENUE-2024,numeric,Banking,WFC,Wells Fargo,What was Wells Fargo's total revenue in fiscal 2024?,82296000000,USD,SPLIT-DOCUMENT FILER: Items 1A/7/8 live in the EX-13 exhibit,companyfacts,2024,2024-12-31,Total net revenue,us-gaap:RevenuesNetOfInterestExpense,,,"82,296",6,Consolidated Statements of Operations / of Income,0000072971-25-000066,https://www.sec.gov/Archives/edgar/data/72971/000007297125000066/wfc-20241231_d2.htm,82296000000,,,core,found_exact,"82,296",Total revenue,2024,"in millions, except per share amounts","Total revenue | 82,296 | 82,597 | 74,368",https://www.sec.gov/Archives/edgar/data/72971/000007297125000066/wfc-20241231_d2.htm,
N-WFC-STOCKHOLDERSEQUITY-2024,numeric,Banking,WFC,Wells Fargo,What was Wells Fargo's total stockholders' equity in fiscal 2024?,179120000000,USD,split-document filer on a balance-sheet line,companyfacts,2024,2024-12-31,Total stockholders' equity,us-gaap:StockholdersEquity,,,"179,120",6,Consolidated Balance Sheets / Statements of Financial Condition,0000072971-25-000066,https://www.sec.gov/Archives/edgar/data/72971/000007297125000066/wfc-20241231_d2.htm,179120000000,,,extra,found_exact,"179,120",Total Wells Fargo stockholders’ equity,"Dec 31, 2024","in millions, except shares","Total Wells Fargo stockholders’ equity | 179,120 | 185,735",https://www.sec.gov/Archives/edgar/data/72971/000007297125000066/wfc-20241231_d2.htm,
C-NFLX-OPERATINGMARGIN-2024,computed,Media,NFLX,Netflix,What was Netflix's operating margin in fiscal 2024?,26.71,percent,a margin over thousands-scaled operands — scale must cancel,companyfacts,2024,,margin_pct,us-gaap:OperatingIncomeLoss ; us-gaap:Revenues,margin_pct,operating_income FY2024 = 10417614000 ; revenue FY2024 = 39000966000,26.71,,re-compute from the operands; each operand has its own numeric row in this sheet or in reports/phase2/owner_spotcheck.csv,0001065280-25-000044,https://www.sec.gov/Archives/edgar/data/1065280/000106528025000044/nflx-20241231.htm,,,,core,found_exact,"operating_income FY2024 = 10,417,614 ; revenue FY2024 = 39,000,966",operating_income FY2024: Operating income ; revenue FY2024: Revenues,operating_income FY2024: 2024 ; revenue FY2024: 2024,"in thousands, except per share data","operating_income FY2024: Operating income | 10,417,614 | 6,954,003 | 5,632,831 ⏎ revenue FY2024: Revenues | $ | 39,000,966 | $ | 33,723,297 | $ | 31,615,550",https://www.sec.gov/Archives/edgar/data/1065280/000106528025000044/nflx-20241231.htm,
C-NFLX-REVENUEGROWTH-2024,computed,Media,NFLX,Netflix,How did Netflix's revenue change from fiscal 2023 to fiscal 2024?,15.65,percent,growth where both operands are thousands-scaled,companyfacts,2024,,growth_pct,us-gaap:Revenues,growth_pct,revenue FY2023 = 33723297000 ; revenue FY2024 = 39000966000,15.65,,re-compute from the operands; each operand has its own numeric row in this sheet or in reports/phase2/owner_spotcheck.csv,0001065280-24-000030,https://www.sec.gov/Archives/edgar/data/1065280/000106528024000030/nflx-20231231.htm,,,,core,found_exact,"revenue FY2023 = 33,723,297 ; revenue FY2024 = 39,000,966",revenue FY2023: Revenues ; revenue FY2024: Revenues,revenue FY2023: 2023 ; revenue FY2024: 2024,"in thousands, except per share data","revenue FY2023: Revenues | $ | 33,723,297 | $ | 31,615,550 | $ | 29,697,844 ⏎ revenue FY2024: Revenues | $ | 39,000,966 | $ | 33,723,297 | $ | 31,615,550",https://www.sec.gov/Archives/edgar/data/1065280/000106528024000030/nflx-20231231.htm https://www.sec.gov/Archives/edgar/data/1065280/000106528025000044/nflx-20241231.htm,
N-NFLX-NETINCOME-2023,numeric,Media,NFLX,Netflix,What was Netflix's net income in fiscal 2023?,5407990000,USD,"thousands-reporting filer, second year and second line",companyfacts,2023,2023-12-31,Net income,us-gaap:NetIncomeLoss,,,"5,407,990",3,Consolidated Statements of Operations / of Income,0001065280-24-000030,https://www.sec.gov/Archives/edgar/data/1065280/000106528024000030/nflx-20231231.htm,5407990000,,,core,found_exact,"5,407,990",Net income,2023,"in thousands, except per share data","Net income | $ | 5,407,990 | $ | 4,491,924 | $ | 5,116,228",https://www.sec.gov/Archives/edgar/data/1065280/000106528024000030/nflx-20231231.htm,
N-NFLX-OPERATINGINCOME-2024,numeric,Media,NFLX,Netflix,What was Netflix's operating income in fiscal 2024?,10417614000,USD,thousands-reporting filer on the income statement's subtotal,companyfacts,2024,2024-12-31,Operating income,us-gaap:OperatingIncomeLoss,,,"10,417,614",3,Consolidated Statements of Operations / of Income,0001065280-25-000044,https://www.sec.gov/Archives/edgar/data/1065280/000106528025000044/nflx-20241231.htm,10417614000,,,core,found_exact,"10,417,614",Operating income,2024,"in thousands, except per share data","Operating income | 10,417,614 | 6,954,003 | 5,632,831",https://www.sec.gov/Archives/edgar/data/1065280/000106528025000044/nflx-20241231.htm,yes (seed 20261003)
N-NFLX-REVENUE-2024,numeric,Media,NFLX,Netflix,What was Netflix's revenue in fiscal 2024?,39000966000,USD,"THOUSANDS-REPORTING FILER: scale=3, the v1 1000x failure (K2)",companyfacts,2024,2024-12-31,Total net revenue,us-gaap:Revenues,,,"39,000,966",3,Consolidated Statements of Operations / of Income,0001065280-25-000044,https://www.sec.gov/Archives/edgar/data/1065280/000106528025000044/nflx-20241231.htm,39000966000,,,core,found_exact,"39,000,966",Revenues,2024,"in thousands, except per share data","Revenues | $ | 39,000,966 | $ | 33,723,297 | $ | 31,615,550",https://www.sec.gov/Archives/edgar/data/1065280/000106528025000044/nflx-20241231.htm,
C-AAPL-DEBTEQUITY-2024,computed,Technology,AAPL,Apple,What was Apple's ratio of total liabilities to stockholders' equity in fiscal 2024?,5.4088,ratio,"a unitless ratio, not a percentage",companyfacts,2024,,ratio,us-gaap:Liabilities ; us-gaap:StockholdersEquity,ratio,total_liabilities FY2024 = 308030000000 ; stockholders_equity FY2024 = 56950000000,5.4088,,re-compute from the operands; each operand has its own numeric row in this sheet or in reports/phase2/owner_spotcheck.csv,0000320193-24-000123,https://www.sec.gov/Archives/edgar/data/320193/000032019324000123/aapl-20240928.htm,,,,core,found_exact,"total_liabilities FY2024 = 308,030 ; stockholders_equity FY2024 = 56,950",total_liabilities FY2024: Total liabilities ; stockholders_equity FY2024: Total shareholders’ equity,"total_liabilities FY2024: September 28, 2024 ; stockholders_equity FY2024: September 28, 2024",In millions,"total_liabilities FY2024: Total liabilities | 308,030 | 290,437 ⏎ stockholders_equity FY2024: Total shareholders’ equity | 56,950 | 62,146",https://www.sec.gov/Archives/edgar/data/320193/000032019324000123/aapl-20240928.htm,yes (seed 20261003)
C-AAPL-NETMARGIN-2024,computed,Technology,AAPL,Apple,What was Apple's net margin in fiscal 2024?,23.97,percent,net margin on the same filing; the two must not be confused,companyfacts,2024,,margin_pct,us-gaap:NetIncomeLoss ; us-gaap:RevenueFromContractWithCustomerExcludingAssessedTax,margin_pct,net_income FY2024 = 93736000000 ; revenue FY2024 = 391035000000,23.97,,re-compute from the operands; each operand has its own numeric row in this sheet or in reports/phase2/owner_spotcheck.csv,0000320193-24-000123,https://www.sec.gov/Archives/edgar/data/320193/000032019324000123/aapl-20240928.htm,,,,core,found_exact,"net_income FY2024 = 93,736 ; revenue FY2024 = 391,035",net_income FY2024: Net income ; revenue FY2024: Total net sales,"net_income FY2024: September 28, 2024 ; revenue FY2024: September 28, 2024","In millions, except number of shares, which are reflected in thousands, and per-share amounts","net_income FY2024: Net income | $ | 93,736 | $ | 96,995 | $ | 99,803 ⏎ revenue FY2024: Total net sales | 391,035 | 383,285 | 394,328",https://www.sec.gov/Archives/edgar/data/320193/000032019324000123/aapl-20240928.htm,yes (seed 20261003)
C-AAPL-OPERATINGMARGIN-2024,computed,Technology,AAPL,Apple,What was Apple's operating margin in fiscal 2024?,31.51,percent,operating margin — the spec 6.5 computed example,companyfacts,2024,,margin_pct,us-gaap:OperatingIncomeLoss ; us-gaap:RevenueFromContractWithCustomerExcludingAssessedTax,margin_pct,operating_income FY2024 = 123216000000 ; revenue FY2024 = 391035000000,31.51,,re-compute from the operands; each operand has its own numeric row in this sheet or in reports/phase2/owner_spotcheck.csv,0000320193-24-000123,https://www.sec.gov/Archives/edgar/data/320193/000032019324000123/aapl-20240928.htm,,,,core,found_exact,"operating_income FY2024 = 123,216 ; revenue FY2024 = 391,035",operating_income FY2024: Operating income ; revenue FY2024: Total net sales,"operating_income FY2024: September 28, 2024 ; revenue FY2024: September 28, 2024","In millions, except number of shares, which are reflected in thousands, and per-share amounts","operating_income FY2024: Operating income | 123,216 | 114,301 | 119,437 ⏎ revenue FY2024: Total net sales | 391,035 | 383,285 | 394,328",https://www.sec.gov/Archives/edgar/data/320193/000032019324000123/aapl-20240928.htm,
C-AAPL-REVENUEGROWTH-2024,computed,Technology,AAPL,Apple,How did Apple's revenue change from fiscal 2023 to fiscal 2024?,2.02,percent,"year-over-year growth, the commonest computed question",companyfacts,2024,,growth_pct,us-gaap:RevenueFromContractWithCustomerExcludingAssessedTax,growth_pct,revenue FY2023 = 383285000000 ; revenue FY2024 = 391035000000,2.02,,re-compute from the operands; each operand has its own numeric row in this sheet or in reports/phase2/owner_spotcheck.csv,0000320193-23-000106,https://www.sec.gov/Archives/edgar/data/320193/000032019323000106/aapl-20230930.htm,,,,core,found_exact,"revenue FY2023 = 383,285 ; revenue FY2024 = 391,035",revenue FY2023: Total net sales ; revenue FY2024: Total net sales,"revenue FY2023: September 30, 2023 ; revenue FY2024: September 28, 2024","In millions, except number of shares, which are reflected in thousands, and per-share amounts","revenue FY2023: Total net sales | 383,285 | 394,328 | 365,817 ⏎ revenue FY2024: Total net sales | 391,035 | 383,285 | 394,328",https://www.sec.gov/Archives/edgar/data/320193/000032019323000106/aapl-20230930.htm https://www.sec.gov/Archives/edgar/data/320193/000032019324000123/aapl-20240928.htm,
C-AMZN-FCF-2024,computed,Technology,AMZN,Amazon,What was Amazon's operating cash flow less capital expenditures in fiscal 2024?,32878000000,USD,free cash flow as a difference of two cash-flow lines,companyfacts,2024,,difference,us-gaap:NetCashProvidedByUsedInOperatingActivities ; us-gaap:PaymentsToAcquireProductiveAssets,difference,operating_cash_flow FY2024 = 115877000000 ; capex FY2024 = 82999000000,32878000000,,re-compute from the operands; each operand has its own numeric row in this sheet or in reports/phase2/owner_spotcheck.csv,0001018724-25-000004,https://www.sec.gov/Archives/edgar/data/1018724/000101872425000004/amzn-20241231.htm,,,,core,found_exact,"operating_cash_flow FY2024 = 115,877 ; capex FY2024 = ( 82,999 )",operating_cash_flow FY2024: Net cash provided by (used in) operating activities ; capex FY2024: Purchases of property and equipment,operating_cash_flow FY2024: 2024 ; capex FY2024: 2024,in millions,"operating_cash_flow FY2024: Net cash provided by (used in) operating activities | 46,752 | 84,946 | 115,877 ⏎ capex FY2024: Purchases of property and equipment | ( 63,645 ) | ( 52,729 ) | ( 82,999 )",https://www.sec.gov/Archives/edgar/data/1018724/000101872425000004/amzn-20241231.htm,
C-GOOGL-REVENUECAGR-2025,computed,Technology,GOOGL,Alphabet,What was Alphabet's revenue CAGR from fiscal 2022 to fiscal 2025?,12.51,percent,"a second CAGR, on a December filer",companyfacts,2025,,cagr_pct,us-gaap:RevenueFromContractWithCustomerExcludingAssessedTax ; us-gaap:Revenues,cagr_pct,revenue FY2022 = 282836000000 ; revenue FY2025 = 402836000000,12.51,,re-compute from the operands; each operand has its own numeric row in this sheet or in reports/phase2/owner_spotcheck.csv,0001652044-23-000016,https://www.sec.gov/Archives/edgar/data/1652044/000165204423000016/goog-20221231.htm,,,,core,found_exact,"revenue FY2022 = 282,836 ; revenue FY2025 = 402,836",revenue FY2022: Revenues ; revenue FY2025: Revenues,revenue FY2022: 2022 ; revenue FY2025: 2025,"in millions, except per share amounts","revenue FY2022: Revenues | $ | 182,527 | $ | 257,637 | $ | 282,836 ⏎ revenue FY2025: Revenues | $ | 307,394 | $ | 350,018 | $ | 402,836",https://www.sec.gov/Archives/edgar/data/1652044/000165204423000016/goog-20221231.htm https://www.sec.gov/Archives/edgar/data/1652044/000165204426000018/goog-20251231.htm,
C-MSFT-GROSSMARGIN-2024,computed,Technology,MSFT,Microsoft,What was Microsoft's gross margin in fiscal 2024?,69.76,percent,"gross margin, which needs a gross-profit line",companyfacts,2024,,margin_pct,us-gaap:GrossProfit ; us-gaap:RevenueFromContractWithCustomerExcludingAssessedTax,margin_pct,gross_profit FY2024 = 171008000000 ; revenue FY2024 = 245122000000,69.76,,re-compute from the operands; each operand has its own numeric row in this sheet or in reports/phase2/owner_spotcheck.csv,0000950170-24-087843,https://www.sec.gov/Archives/edgar/data/789019/000095017024087843/msft-20240630.htm,,,,extra,found_exact,"gross_profit FY2024 = 171,008 ; revenue FY2024 = 245,122",gross_profit FY2024: Gross margin ; revenue FY2024: Total revenue,gross_profit FY2024: 2024 ; revenue FY2024: 2024,"In millions, except per share amounts","gross_profit FY2024: Gross margin | 171,008 | 146,052 | 135,620 ⏎ revenue FY2024: Total revenue | 245,122 | 211,915 | 198,270",https://www.sec.gov/Archives/edgar/data/789019/000095017024087843/msft-20240630.htm,
C-MSFT-REVENUECAGR-2025,computed,Technology,MSFT,Microsoft,What was Microsoft's revenue CAGR from fiscal 2022 to fiscal 2025?,12.42,percent,a three-year CAGR — the year count is part of the answer,companyfacts,2025,,cagr_pct,us-gaap:RevenueFromContractWithCustomerExcludingAssessedTax,cagr_pct,revenue FY2022 = 198270000000 ; revenue FY2025 = 281724000000,12.42,,re-compute from the operands; each operand has its own numeric row in this sheet or in reports/phase2/owner_spotcheck.csv,0001564590-22-026876,https://www.sec.gov/Archives/edgar/data/789019/000156459022026876/msft-10k_20220630.htm,,,,extra,found_exact,"revenue FY2022 = 198,270 ; revenue FY2025 = 281,724",revenue FY2022: Total revenue ; revenue FY2025: Total revenue,revenue FY2022: 2022 ; revenue FY2025: 2025,"In millions, except per share amounts","revenue FY2022: Total revenue | 198,270 | 168,088 | 143,015 ⏎ revenue FY2025: Total revenue | 281,724 | 245,122 | 211,915",https://www.sec.gov/Archives/edgar/data/789019/000156459022026876/msft-10k_20220630.htm https://www.sec.gov/Archives/edgar/data/789019/000095017025100235/msft-20250630.htm,yes (seed 20261003)
N-AAPL-EPSDILUTED-2024,numeric,Technology,AAPL,Apple,What was Apple's diluted earnings per share in fiscal 2024?,6.08,USD/shares,"a per-share unit, not a currency total",companyfacts,2024,2024-09-28,Diluted earnings per share,us-gaap:EarningsPerShareDiluted,,,6.08,0,Consolidated Statements of Operations / of Income,0000320193-24-000123,https://www.sec.gov/Archives/edgar/data/320193/000032019324000123/aapl-20240928.htm,6.08,,,core,found_exact,6.08,Diluted,"September 28, 2024","In millions, except number of shares, which are reflected in thousands, and per-share amounts",Diluted | $ | 6.08 | $ | 6.13 | $ | 6.11,https://www.sec.gov/Archives/edgar/data/320193/000032019324000123/aapl-20240928.htm,
N-AAPL-REVENUE-2024,numeric,Technology,AAPL,Apple,What was Apple's revenue in fiscal 2024?,391035000000,USD,the worked example in spec 6.5; a 52/53-week fiscal year,companyfacts,2024,2024-09-28,Total net revenue,us-gaap:RevenueFromContractWithCustomerExcludingAssessedTax,,,"391,035",6,Consolidated Statements of Operations / of Income,0000320193-24-000123,https://www.sec.gov/Archives/edgar/data/320193/000032019324000123/aapl-20240928.htm,391035000000,,,extra,found_exact,"391,035",Total net sales,"September 28, 2024","In millions, except number of shares, which are reflected in thousands, and per-share amounts","Total net sales | 391,035 | 383,285 | 394,328",https://www.sec.gov/Archives/edgar/data/320193/000032019324000123/aapl-20240928.htm,
N-AMZN-CAPEX-2024,numeric,Technology,AMZN,Amazon,What was Amazon's capital expenditures in fiscal 2024?,82999000000,USD,a negative-signed investing line in the filing,companyfacts,2024,2024-12-31,Capital expenditures,us-gaap:PaymentsToAcquireProductiveAssets,,,"82,999",6,Consolidated Statements of Cash Flows,0001018724-25-000004,https://www.sec.gov/Archives/edgar/data/1018724/000101872425000004/amzn-20241231.htm,82999000000,,,extra,found_exact,"( 82,999 )",Purchases of property and equipment,2024,in millions,"Purchases of property and equipment | ( 63,645 ) | ( 52,729 ) | ( 82,999 )",https://www.sec.gov/Archives/edgar/data/1018724/000101872425000004/amzn-20241231.htm,
N-AMZN-OPERATINGCASHFLOW-2024,numeric,Technology,AMZN,Amazon,What was Amazon's cash flow from operating activities in fiscal 2024?,115877000000,USD,cash-flow statement rather than income statement,companyfacts,2024,2024-12-31,Net cash provided by operating activities,us-gaap:NetCashProvidedByUsedInOperatingActivities,,,"115,877",6,Consolidated Statements of Cash Flows,0001018724-25-000004,https://www.sec.gov/Archives/edgar/data/1018724/000101872425000004/amzn-20241231.htm,115877000000,,,extra,found_exact,"115,877",Net cash provided by (used in) operating activities,2024,in millions,"Net cash provided by (used in) operating activities | 46,752 | 84,946 | 115,877",https://www.sec.gov/Archives/edgar/data/1018724/000101872425000004/amzn-20241231.htm,
N-AMZN-TOTALASSETS-2023,numeric,Technology,AMZN,Amazon,What was Amazon's total assets in fiscal 2023?,527854000000,USD,"an instant fact, not a duration — balance-sheet date, no start",companyfacts,2023,2023-12-31,Total assets,us-gaap:Assets,,,"527,854",6,Consolidated Balance Sheets / Statements of Financial Condition,0001018724-24-000008,https://www.sec.gov/Archives/edgar/data/1018724/000101872424000008/amzn-20231231.htm,527854000000,,,extra,found_exact,"527,854",Total assets,2023,in millions,"Total assets | $ | 462,675 | $ | 527,854",https://www.sec.gov/Archives/edgar/data/1018724/000101872424000008/amzn-20231231.htm,
N-GOOGL-RDEXPENSE-2024,numeric,Technology,GOOGL,Alphabet,What was Alphabet's research and development expense in fiscal 2024?,49326000000,USD,R&D is a tech-only line; banks do not report it,companyfacts,2024,2024-12-31,Research and development expense,us-gaap:ResearchAndDevelopmentExpense,,,"49,326",6,Consolidated Statements of Operations / of Income,0001652044-25-000014,https://www.sec.gov/Archives/edgar/data/1652044/000165204425000014/goog-20241231.htm,49326000000,,,extra,found_exact,"49,326",Research and development,2024,"in millions, except per share amounts","Research and development | 39,500 | 45,427 | 49,326",https://www.sec.gov/Archives/edgar/data/1652044/000165204425000014/goog-20241231.htm,yes (seed 20261003)
N-MSFT-GROSSPROFIT-2024,numeric,Technology,MSFT,Microsoft,What was Microsoft's gross profit in fiscal 2024?,171008000000,USD,"only AAPL, MSFT, NVDA and TSLA tag a gross-profit line at all",companyfacts,2024,2024-06-30,Gross profit,us-gaap:GrossProfit,,,"171,008",6,Consolidated Statements of Operations / of Income,0000950170-24-087843,https://www.sec.gov/Archives/edgar/data/789019/000095017024087843/msft-20240630.htm,171008000000,,,extra,found_exact,"171,008",Gross margin,2024,"In millions, except per share amounts","Gross margin | 171,008 | 146,052 | 135,620",https://www.sec.gov/Archives/edgar/data/789019/000095017024087843/msft-20240630.htm,
N-MSFT-NETINCOME-2024,numeric,Technology,MSFT,Microsoft,What was Microsoft's net income in fiscal 2024?,88136000000,USD,June fiscal year end — the label is not the calendar year,companyfacts,2024,2024-06-30,Net income,us-gaap:NetIncomeLoss,,,"88,136",6,Consolidated Statements of Operations / of Income,0000950170-24-087843,https://www.sec.gov/Archives/edgar/data/789019/000095017024087843/msft-20240630.htm,88136000000,,,extra,found_exact,"88,136",Net income,2024,"In millions, except per share amounts","Net income | $ | 88,136 | $ | 72,361 | $ | 72,738",https://www.sec.gov/Archives/edgar/data/789019/000095017024087843/msft-20240630.htm,
N-MSFT-REVENUE-2026,numeric,Technology,MSFT,Microsoft,What was Microsoft's revenue in fiscal 2026?,331839000000,USD,the newest filing in the corpus; fiscal label 2026 in calendar 2026,companyfacts,2026,2026-06-30,Total net revenue,us-gaap:RevenueFromContractWithCustomerExcludingAssessedTax,,,"331,839",6,Consolidated Statements of Operations / of Income,0001193125-26-323660,https://www.sec.gov/Archives/edgar/data/789019/000119312526323660/msft-20260630.htm,331839000000,,,extra,found_exact,"331,839",Total revenue,2026,"In millions, except per share amounts","Total revenue | 331,839 | 281,724 | 245,122",https://www.sec.gov/Archives/edgar/data/789019/000119312526323660/msft-20260630.htm,
